Gene symbol	Description	Astrocytes	Neuron	Oligodendrocyte Precursor Cell	Newly Formed Oligodendrocyte	Myelinating Oligodendrocytes	Microglia	Endothelial Cells	OPC_enrichment
Pdgfra	Platelet-derived growth factor receptor, alpha polypeptide	0.12550250000000002	8.8288995	596.1725315000001	79.633888	0.72429	0.32027399999999995	0.3929075	823.1130230984828
Ntn1	Netrin 1	1.4390684999999999	7.824173	35.124123999999995	10.6386935	0.18405149999999998	0.968907	2.8609605	190.83856420621402
Megf11	Multiple EGF-like-domains 11	0.278695	2.465561	44.6551215	11.862915000000001	0.2732675	0.1504425	0.199634	163.41175405051825
Pcdh20	Protocadherin 20	3.1060615	1.825056	14.4973895	2.6195865	0.1	0.1	0.1	144.973895
Cxadr	Coxsackie virus and adenovirus receptor	0.9205025	45.048638999999994	26.1234	4.9199684999999995	0.204019	0.198746	0.9947284999999999	128.04395669030825
Bmp7	Bone morphogenetic protein 7 (osteogenic protein 1)	22.1251805	18.454534000000002	31.769838	5.671464	0.304445	0.2361845	0.281691	104.35329205603638
Pcdh15	Protocadherin 15	0.19355849999999997	2.387429	41.682313	7.58855	0.49319	0.1	0.1	84.51573024594984
Zfp36l1	Zinc finger protein 36, C3H1 type-like 1	132.2322515	7.0385314999999995	66.4384685	8.738347	0.8198489999999999	105.0662385	82.093489	81.037445310051
Cd276	CD276 molecule	5.648035999999999	5.4482155	16.9887425	4.501729	0.22320650000000003	17.5884335	1.995372	76.11222119427525
Dscaml1	Down syndrome cell adhesion molecule like 1	1.0003030000000002	21.913738	16.1612175	8.761112	0.22830699999999998	0.1	0.1	70.78721852593219
Pdpn	Podoplanin	37.488096	3.602799	20.476993999999998	3.9566485	0.3080565	0.2440025	0.285583	66.47155310795259
Cdh24	Cadherin-like 24	2.5835725	5.522336	8.93738	2.1223165	0.13605250000000002	0.1926715	0.5559175	65.69067088072617
Cyr61	Cysteine-rich, angiogenic inducer, 61	842.292406	27.7727365	55.012178500000005	5.262332499999999	0.9666855000000001	20.7928085	408.119704	56.90804144677871
Cdh4	Cadherin 4, type 1, R-cadherin (retinal)	4.086994	38.395323	5.396882	0.8606905	0.1	0.1	0.2850045	53.968819999999994
Dchs1	Dachsous 1 (Drosophila)	8.107542500000001	12.847425999999999	7.6521285	2.677004	0.157951	1.449757	6.5966155	48.446217497831604
Flrt3	Fibronectin leucine rich transmembrane protein 3	3.6620274999999998	19.934356	9.6417265	2.171195	0.200134	0.15615800000000002	0.2949125	48.176354342590464
Alcam	Activated leukocyte cell adhesion molecule	53.009859000000006	14.896467	45.192904999999996	10.5864215	0.9524705	0.259642	1.7748515	47.44808894343709
Lamb1	Laminin, beta 1	0.870181	2.355642	5.2418635	0.1	0.1308715	0.19816250000000002	64.503815	40.05351432512044
Robo1	Roundabout, axon guidance receptor, homolog 1 (Drosophila)	2.3990970000000003	11.004548499999999	11.6706735	2.815359	0.293347	0.1	0.432147	39.784533334242376
Ptprt	Protein tyrosine phosphatase, receptor type, T	12.487185	5.354614	12.3570525	8.136656	0.312272	0.1	0.109769	39.57143932212943
Fat4	FAT tumor suppressor homolog 4 (Drosophila)	4.316204000000001	2.235264	3.6846285	0.8613014999999999	0.1	0.1	4.330651	36.846285
Pvrl4	Poliovirus receptor-related 4	0.6606925	0.7615825	3.6668320000000003	0.5907505	0.1	4.344008499999999	0.1	36.66832
P2rx7	Purinergic receptor P2X, ligand-gated ion channel, 7	5.1025054999999995	0.6867295	20.990899	4.489772500000001	0.626971	27.817154000000002	0.843378	33.47985632509319
Cyp1b1	Cytochrome P450, family 1, subfamily B, polypeptide 1	9.022324000000001	0.7278555	2.9295435000000003	0.1	0.1	0.1	0.1527025	29.295435
Vcam1	Vascular cell adhesion molecule 1	190.682885	7.509335	27.1089025	3.070581	0.9378114999999999	5.9996705	6.318011	28.906557981001516
Zfp36l2	Zinc finger protein 36, C3H1 type-like 2	173.76165600000002	33.323181	49.301449000000005	13.926441	1.751354	88.859306	13.0426295	28.15047614588484
Nrcam	Neuronal cell adhesion molecule	56.3354755	12.4145145	37.261911	22.706114999999997	1.3405114999999999	0.592111	0.958307	27.796785779159674
Tcf7	Transcription factor 7 (T-cell specific, HMG-box)	4.5572755	0.4434225	2.709146	0.757501	0.1	0.778733	38.768794	27.091459999999998
Ptpru	Protein tyrosine phosphatase, receptor type, U	0.393591	5.405252	7.4269225	1.542226	0.275545	0.4465295	0.2990005	26.95357382641674
Astn1	Astrotactin 1	54.981528999999995	37.879887	47.531025	20.184185	1.8094854999999999	0.504793	0.2007365	26.267701509628015
Mafb	V-maf musculoaponeurotic fibrosarcoma oncogene homolog B (avian)	3.3803365000000003	4.7555465	13.4379345	1.178818	0.5199325	139.676187	3.453113	25.845536680242148
Wnt7b	Wingless-type MMTV integration site family, member 7B	15.522654	29.029987	21.633284500000002	3.4579675	0.8567269999999999	0.6632294999999999	0.1210685	25.251082900387175
Wnt4	Wingless-type MMTV integration site family, member 4	0.27543650000000003	3.9306245	9.24667	3.798355	0.3673625	0.5382335	0.1	25.170424308414713
Fat3	FAT tumor suppressor homolog 3 (Drosophila)	3.2182485	17.517491	2.4979385	0.5188975	0.1	0.4290075	0.1	24.979385
Gcnt1	Glucosaminyl (N-acetyl) transferase 1, core 2 (beta-1,6-N-acetylglucosaminyltransferase)	0.142102	0.8336135	2.3074854999999994	0.1	0.1	12.7217585	0.21931250000000002	23.074854999999992
Boc	Boc homolog (mouse)	12.3553335	1.9687835	3.1064745	0.383672	0.13749050000000002	0.218816	2.662143	22.59410286528887
Tnr	Tenascin R (restrictin, janusin)	0.6962285	3.351481	111.359871	158.6036365	4.9507165	0.1	0.1	22.49368773186669
Rab27a	RAB27A, member RAS oncogene family	0.159417	0.6008275	2.5396225	0.3393975	0.1131385	4.7977355	1.1590315	22.44702289671509
Plek	Pleckstrin	0.6210545000000001	1.5151645	21.723471	0.7286225	0.9692575	155.15387049999998	0.343172	22.41248687784206
Pcdhgc3	Protocadherin gamma subfamily C, 3	129.25748	30.3928755	173.188966	104.3092805	7.8392515000000005	3.3967275	58.521091	22.092538554222937
Bcl2	B-cell CLL/lymphoma 2	14.3877805	2.154553	2.384655	0.4835695	0.1117355	3.378593	10.563209500000001	21.341963834233525
Pcdha9		0.1280775	2.8665065	2.1276615	0.6779565000000001	0.1	0.1	0.1	21.276614999999996
Itpkb	Inositol 1,4,5-trisphosphate 3-kinase B	9.791602000000001	1.1151925	12.8415785	5.5285575	0.6449265	22.814735	39.5917	19.911693037888817
Pvrl2	Poliovirus receptor-related 2 (herpesvirus entry mediator B)	8.780729000000001	13.1146335	25.1272655	6.3542585	1.2634765	38.5429035	41.5871825	19.887402337914477
Cdk6	Cyclin-dependent kinase 6	0.6231424999999999	0.37001300000000004	2.3490965	0.348866	0.11924850000000001	5.408157	1.0169519999999999	19.699170220170483
Podxl2	Podocalyxin-like 2	9.6806725	122.98355000000001	82.0620455	29.8034975	4.2402795	10.831814000000001	9.7958005	19.352980269343096
Nlgn1	Neuroligin 1	13.862595500000001	3.068822	23.7786885	9.354138500000001	1.3387695	0.1	0.1	17.76160011114684
Icosl		0.747188	0.291489	3.6810894999999997	1.1119975	0.212901	82.1840075	1.753371	17.290146593956813
Icam1	Intercellular adhesion molecule 1 (CD54), human rhinovirus receptor	6.0287	3.048334	6.701033499999999	0.155897	0.387922	528.1953775	166.50719199999997	17.27417754084584
Kit	V-kit Hardy-Zuckerman 4 feline sarcoma viral oncogene homolog	0.416188	28.3440885	6.432956000000001	0.9279185	0.374875	0.10847200000000001	10.310057	17.16026942314105
Sox9	SRY (sex determining region Y)-box 9 (campomelic dysplasia, autosomal sex-reversal)	93.2425065	8.277733000000001	5.4508030000000005	0.9633805	0.332917	0.278201	3.0061245	16.372858700516947
Ccnd3	Cyclin D3	24.252514	9.0779375	45.343302	10.215914999999999	2.8289805	33.1456625	55.985454000000004	16.02814229366374
Ptprc	Protein tyrosine phosphatase, receptor type, C	0.1	0.13446750000000002	2.620025	0.110711	0.1671405	7.632101	0.24044749999999998	15.675584313795879
Cdh6	Cadherin 6, type 2, K-cadherin (fetal kidney)	2.523567	3.8280269999999996	7.1513115	3.5068230000000002	0.4650015	0.1	0.495638	15.379114906080948
Chrna7	Cholinergic receptor, nicotinic, alpha 7	0.45525899999999997	3.956377	2.1618295	0.8069055	0.14769100000000002	0.110988	0.1	14.637516842597043
Ptprm	Protein tyrosine phosphatase, receptor type, M	9.3173385	7.015462	9.839826500000001	4.7309815	0.686733	4.2323645	63.5074165	14.328460260392323
Pnn	Pinin, desmosome associated protein	45.75766	24.232131000000003	26.358052	14.403067	1.860426	1.9406715	11.5992085	14.167750826961138
Ctnnd2	Catenin (cadherin-associated protein), delta 2 (neural plakophilin-related arm-repeat protein)	41.195567	22.6224255	37.984984999999995	8.747930499999999	2.730551	1.2579965	0.338434	13.911106219953405
Tnf	Tumor necrosis factor (TNF superfamily, member 2)	0.389928	0.128044	4.290849	0.1536775	0.3149355	536.300725	6.577368	13.624532642398206
Clstn3	Calsyntenin 3	0.4716335	64.06861699999999	33.345552	6.328482	2.4520549999999997	1.8521875	0.4288775	13.59902286041708
Pcdhga12		8.1922625	2.7280575000000002	12.012184000000001	6.8855284999999995	0.8892805	0.2458685	2.4848055	13.507755989251987
P2ry12	Purinergic receptor P2Y, G-protein coupled, 12	0.586589	1.2752955	67.0041255	3.0881645000000004	5.0157810000000005	330.3548865	0.3359635	13.358662489450793
Itgav	Integrin, alpha V (vitronectin receptor, alpha polypeptide, antigen CD51)	37.028752	3.0473999999999997	81.235862	21.582541499999998	6.0865425	9.772489499999999	5.8679615	13.346799434982996
Bves	Blood vessel epicardial substance	0.6726715	0.283068	1.3840135	0.559103	0.1098205	0.1	0.1359735	12.602505907367021
Slc7a11	Solute carrier family 7, (cationic amino acid transporter, y+ system) member 11	34.32184	1.0914315	3.6309765	0.1149095	0.2900565	0.66169	3.7621255000000002	12.518169735896283
H2-M3		0.1535475	0.612309	1.249555	0.1948715	0.1	5.9172885	8.3742395	12.49555
Cdh13	Cadherin 13, H-cadherin (heart)	12.628646	19.2970985	50.751325	37.6636455	4.0842545	0.3105195	2.272884	12.426092693293231
Rsad2	Radical S-adenosyl methionine domain containing 2	0.4372905	0.3779875	2.3326130000000003	0.1589865	0.18839250000000002	0.142308	1.1048645	12.381665936807464
Itga6	Integrin, alpha 6	47.5374505	2.8361285	3.1705575	0.29844099999999996	0.2572355	15.094242000000001	22.312012	12.32550522769991
Fndc3a	Fibronectin type III domain containing 3A	10.512015	12.9187045	12.602073999999998	5.480171	1.023473	3.6026784999999997	6.99765	12.313049782456398
Dock8	Dedicator of cytokinesis 8	0.135709	0.34742300000000004	2.341481	0.1352365	0.19255	25.336115	0.1179815	12.160379122305894
Shh	Sonic hedgehog homolog (Drosophila)	0.1	0.773115	1.2115065	0.28190950000000004	0.1	0.1	0.1	12.115065
Cd200	CD200 molecule	4.851685	130.5732475	30.1393415	7.388778500000001	2.5159185	0.338236	37.9998765	11.97945859534003
S100a9	S100 calcium binding protein A9	0.1	0.1	3.6271475	0.119551	0.30370050000000004	49.595104	3.6867919999999996	11.943172632247887
Pcdh18	Protocadherin 18	4.277552	3.822224	1.175868	0.1640325	0.1	0.1	1.667819	11.758679999999998
Irf1	Interferon regulatory factor 1	15.5491475	12.072605	9.6334035	3.8815565000000003	0.828911	57.3560015	17.6751285	11.621758548263928
Ikzf1	IKAROS family zinc finger 1 (Ikaros)	0.1	0.1	2.5755105	0.164365	0.2234635	30.114679499999998	0.125046	11.52541914003853
Rhoh	Ras homolog gene family, member H	0.1	0.1	1.327018	0.1	0.115305	40.0614475	0.1296265	11.50876371362907
Apbb1ip	Amyloid beta (A4) precursor protein-binding, family B, member 1 interacting protein	0.1	0.473713	5.8568560000000005	0.702046	0.509429	55.585629	0.1	11.496903395762708
Scarf2	Scavenger receptor class F, member 2	0.9162870000000001	0.5097215	1.332738	0.1	0.1165645	3.47224	2.8891679999999997	11.433481034105581
Tmem47	Transmembrane protein 47	47.037338	27.527296	12.835653	1.469969	1.1441819999999998	0.2881495	6.72728	11.218191686287673
Pcdhb16	Protocadherin beta 16	0.414846	1.7513334999999999	1.5899480000000001	0.933693	0.143156	0.1	3.0466290000000003	11.106401408253934
L1cam	L1 cell adhesion molecule	0.3174705	60.42559849999999	3.9364835	1.1272739999999999	0.3555675	0.381469	0.20370300000000002	11.070987927749302
Rora	RAR-related orphan receptor A	9.267807999999999	1.449894	2.485098	1.6378775	0.2247615	0.26122650000000003	7.9761175	11.056599995995754
Srpx2	Sushi-repeat-containing protein, X-linked 2	0.1	0.1	1.0905304999999998	0.1	0.1	0.1	0.1	10.905304999999998
Egr1	Early growth response 1	420.8234	162.5278465	123.68292350000002	12.0174305	11.480221	873.2561665000001	326.856431	10.773566423503521
Was	Wiskott-Aldrich syndrome (eczema-thrombocytopenia)	0.1	0.1155635	2.238713	0.1469075	0.21225100000000002	37.521718	0.251353	10.547479163820194
Igsf9	Immunoglobulin superfamily, member 9	0.17850549999999998	12.534919	1.037278	0.193645	0.1	0.556999	0.1	10.372779999999999
Stat6	Signal transducer and activator of transcription 6, interleukin-4 induced	0.9269805	0.42165949999999996	2.9759545000000003	0.1413635	0.2882545	70.43336199999999	16.261877	10.324052183053517
Cdh2	Cadherin 2, type 1, N-cadherin (neuronal)	54.0183725	38.453156500000006	33.159199	18.806445	3.334728	0.304311	23.145299	9.943599298053694
Dock2	Dedicator of cytokinesis 2	0.1	0.13967600000000002	3.726637	0.2669905	0.3786265	31.890301	0.117919	9.842514985084247
Sox4	SRY (sex determining region Y)-box 4	22.139166	72.7755375	24.565675	25.8717855	2.5693184999999996	18.8894275	30.464568999999997	9.561163787206608
Stat5a	Signal transducer and activator of transcription 5A	3.3703139999999996	0.406907	1.5754285000000001	0.4507335	0.17088	4.739095	1.4431444999999998	9.219501989700374
Egfr	Epidermal growth factor receptor (erythroblastic leukemia viral (v-erb-b) oncogene homolog, avian)	38.6254875	2.766368	1.469817	0.1	0.1606345	0.496077	0.19320649999999998	9.150070501666827
Cdhr1		0.1	2.1616660000000003	0.9126510000000001	0.24891249999999998	0.1	0.1351985	0.1	9.12651
Pik3cg	Phosphoinositide-3-kinase, catalytic, gamma polypeptide	0.114592	0.11098050000000001	1.0690814999999998	0.1	0.117843	11.236159	4.2859685	9.072083195437996
Kifc3	Kinesin family member C3	61.533254	9.3469035	41.230045000000004	23.8804995	4.546511	7.1500354999999995	17.746188	9.068502198718976
Pcdhga4		3.383558	3.3710475	7.852748	4.911249	0.870892	0.459368	1.2481944999999999	9.016902210607055
Bcl2a1d		0.15240700000000001	0.12346950000000001	3.7301520000000004	0.2263325	0.416141	305.35019	0.1	8.963673370324003
Lrp6	Low density lipoprotein receptor-related protein 6	14.3991465	5.0330355	10.836336	6.594225	1.254958	2.739993	6.867137	8.634819651334944
Il7r	Interleukin 7 receptor	0.1	0.1	0.8466435	0.1	0.1	5.3067269999999995	0.104911	8.466434999999999
Braf	V-raf murine sarcoma viral oncogene homolog B1	9.2899015	14.3047585	6.425684	3.412225	0.7690525	1.1309965	4.254041	8.355325546695447
Clic1	Chloride intracellular channel 1	15.360092999999999	14.479807000000001	17.7413945	2.7548684999999997	2.1458475	263.1382235	250.35410199999998	8.267779746696817
Perp	PERP, TP53 apoptosis effector	1.4535365	8.7720235	2.0712085	0.471432	0.251365	10.555695	1.423111	8.239844449306785
Vav1	Vav 1 guanine nucleotide exchange factor	0.1	0.19525750000000003	4.4991685	0.17460799999999999	0.547061	116.9286645	0.10701350000000001	8.224253785226875
Cdh5	Cadherin 5, type 2, VE-cadherin (vascular epithelium)	1.5055425	0.5665685	0.8717685	0.1	0.1094445	0.832789	183.5945385	7.96539341858202
Clstn2	Calsyntenin 2	0.1332005	63.546447	1.916303	0.47238399999999997	0.24074450000000003	0.180145	0.3360385	7.959903549198423
Irf4	Interferon regulatory factor 4	0.132453	0.124918	1.047058	0.1	0.13185249999999998	19.38158	0.124069	7.941131188259609
Ephb6	EPH receptor B6	2.3720559999999997	33.0856655	15.6740545	4.8420945	1.984544	1.329512	0.179391	7.898063484609058
Crebbp	CREB binding protein (Rubinstein-Taybi syndrome)	8.611299	9.739405999999999	6.574282	4.859147500000001	0.8594135	2.0325075	4.0643755	7.649730892056036
Tgfb1	Transforming growth factor, beta 1	1.030343	0.4968995	7.732112	0.4907785	1.0155415	252.311404	45.231393	7.613782400817691
Cebpb	CCAAT/enhancer binding protein (C/EBP), beta	23.006411	4.631575	8.567584	0.8934365	1.1288335	305.026795	8.955965500000001	7.589767667242334
Amigo2	Adhesion molecule with Ig-like domain 2	5.993358	4.2615935	2.0488645	0.35536999999999996	0.2718795	0.623174	1.387448	7.535928600722012
Celsr3	Cadherin, EGF LAG seven-pass G-type receptor 3 (flamingo homolog, Drosophila)	0.3013585	20.667512000000002	1.8835060000000001	0.6919535	0.2529015	0.2205955	0.1	7.447587301775593
Nlgn3	Neuroligin 3	16.891315	12.758659999999999	49.8232045	25.047977	6.6971705	0.33314449999999995	0.161918	7.439440954952543
S100a8	S100 calcium binding protein A8	0.157675	0.1	1.715971	0.439112	0.2321635	35.683267	3.3661754999999998	7.391217827091683
Pcdhb14	Protocadherin beta 14	1.304532	1.225403	3.1323365	2.035132	0.425999	0.1	2.1331865	7.352919842534842
Stat5b	Signal transducer and activator of transcription 5B	7.4431185	3.1995430000000002	11.019864	3.7250275000000004	1.5614935	9.244951	9.496369999999999	7.057258963934207
Cd151	CD151 molecule (Raph blood group)	17.454268499999998	7.0864785	18.6687055	6.9606734999999995	2.6724955	34.8920605	230.7519535	6.985495578944848
Itga5	Integrin, alpha 5 (fibronectin receptor, alpha polypeptide)	9.554877000000001	0.612398	0.9189274999999999	0.1	0.13194450000000002	35.8395535	30.6590655	6.9645002254735875
Il1b	Interleukin 1, beta	0.1	0.366999	0.6963745	0.1	0.1	31.954246	0.19370550000000003	6.963744999999999
H2-T23		1.262692	0.8359155	3.3814035000000002	0.4463855	0.4873225	53.583793	16.3849415	6.9387387202519895
Selplg	Selectin P ligand	0.9915525	0.22298400000000002	38.0451725	2.3173155000000003	5.5912425	1413.179036	2.133463	6.804421825739091
Chd7	Chromodomain helicase DNA binding protein 7	8.631235499999999	5.552792999999999	8.832731500000001	5.9784265	1.302422	3.338496	2.4697715000000002	6.781773879740976
Pik3cb	Phosphoinositide-3-kinase, catalytic, beta polypeptide	4.5188595	2.562764	7.0418035	3.124631	1.045191	7.488401	5.8918285	6.737336525094457
Pcdhb18	Protocadherin beta 18 pseudogene	1.1709405	1.87818	3.612046	2.036154	0.5377485	0.1	1.7364069999999998	6.716980149642445
Elf4	E74-like factor 4 (ets domain transcription factor)	0.1380275	0.1	0.6712345	0.1	0.1	9.5510275	0.306511	6.712344999999999
Lgals1	Lectin, galactoside-binding, soluble, 1 (galectin 1)	3.0802455	2.716259	6.726774000000001	0.881981	1.011624	36.4596845	9.913676	6.649480439372732
B2m	Beta-2-microglobulin	32.3820845	10.880218	121.42799199999999	17.435375999999998	18.303999	919.5116995000001	572.3008085	6.633959715579092
Adam8	ADAM metallopeptidase domain 8	0.7941475	1.185427	0.810512	0.37995	0.12299349999999999	2.9748915	0.141705	6.589876700801263
Cdk5r1	Cyclin-dependent kinase 5, regulatory subunit 1 (p35)	1.626851	81.1350795	21.638267499999998	8.29715	3.2932865	23.827477000000002	0.9993544999999999	6.570417575270175
Fermt3		0.9320225	0.918783	5.5318095000000005	0.41708049999999997	0.8438545	175.567255	0.4471785	6.555406767398883
Anxa1	Annexin A1	0.19713	0.1786165	0.7923709999999999	0.1	0.123005	1.2840135	19.713392	6.441778789480102
Itgam	Integrin, alpha M (complement component 3 receptor 3 subunit)	0.2285195	0.2942325	29.405829500000003	2.4809875000000003	4.5703215	371.605569	0.15742899999999999	6.434083357155509
Malt1	Mucosa associated lymphoid tissue lymphoma translocation gene 1	1.284231	1.072211	1.2141055	3.3616945	0.1901685	2.2944275000000003	7.0626685	6.384367021877967
Itgb2	Integrin, beta 2 (complement component 3 receptor 3 and 4 subunit)	0.119363	0.4289335	5.771958	0.3721145	0.9080840000000001	160.0407505	0.8097175	6.356193920386219
Cd24a		13.764711	95.736351	5.340365	0.4918245	0.8456895	1.601636	29.894652	6.314805847772735
Smad3	SMAD family member 3	8.459402	1.2757815	8.804092	11.0606935	1.4081235	61.108868	14.918267499999999	6.2523578365107895
Myl9	Myosin, light chain 9, regulatory	8.873089	1.085475	4.377712	0.4673105	0.70991	1.6073085	31.835248	6.166573227592229
Sp3	Sp3 transcription factor	17.706913999999998	18.225034	14.717334000000001	8.3554555	2.3940200000000003	2.832814	26.8793535	6.147540120800995
Cdh10	Cadherin 10, type 2 (T2-cadherin)	25.9110965	15.541393500000002	14.929103000000001	7.3498755	2.450647	0.1248665	0.10885700000000001	6.091902668968644
Cbln1	Cerebellin 1 precursor	0.1492725	5.822424	1.7980455	0.514905	0.296884	0.2528945	0.1	6.056390711523693
Itgb5	Integrin, beta 5	49.279041500000005	4.120082	22.4817015	1.4184785	3.7136199999999997	661.4463304999999	2.581617	6.0538508248016765
Il1rapl1	Interleukin 1 receptor accessory protein-like 1	1.1474095	0.9480335	2.0245025	1.63513	0.334456	0.1	0.1	6.053120589853375
Nlgn2	Neuroligin 2	31.118063999999997	58.216558500000005	87.60289850000001	68.22187	14.967945	4.489402500000001	1.9555415	5.852700454203967
Negr1	Neuronal growth regulator 1	8.037351000000001	38.6810165	13.583425	5.5205615	2.3307565	0.165706	0.45742550000000004	5.827903944491842
Flna	Filamin A, alpha (actin binding protein 280)	15.4097705	20.644053500000002	6.9135919999999995	3.881803	1.2153045	21.549914	43.810537	5.68877347199817
Kirrel	Kin of IRRE like (Drosophila)	1.720675	1.2964085	0.5666025	0.1	0.1	0.1	0.6379935	5.666024999999999
Cd164	CD164 molecule, sialomucin	57.6054005	15.0454935	68.346116	27.206582500000003	12.299892	148.926375	66.7542425	5.556643586789217
Ebi3	Epstein-Barr virus induced gene 3	0.1	0.9141275	2.064769	0.4602285	0.3722975	40.356209500000006	0.1597125	5.546018976759178
Ptpn6	Protein tyrosine phosphatase, non-receptor type 6	0.2333265	0.302476	4.335018	0.298363	0.7893425	114.9853885	0.213816	5.491935376595078
Pvr	Poliovirus receptor	2.1737205	1.7244519999999999	5.363542499999999	2.6938525	0.9802310000000001	7.765338	21.8900775	5.471712790148444
Cd2ap	CD2-associated protein	10.352932500000001	5.194013	5.879792500000001	4.0505825	1.077742	2.624225	24.7757	5.455658682690292
Thbs4	Thrombospondin 4	2.075032	0.109258	0.9059565	0.1379335	0.1667335	0.1129885	0.1	5.4335601423829045
Efr3a	EFR3 homolog A (S. cerevisiae)	9.669777	10.5686575	11.870623	6.1125135	2.2128765	4.8950515	10.673610499999999	5.364340486240421
Ncor1	Nuclear receptor co-repressor 1	16.7875815	11.194859000000001	12.943814	8.3795985	2.421887	4.112217	11.8230605	5.344516073623583
H2-DMa		1.2389435	3.4567305	7.4899265	2.11914	1.4267555	6.48238	0.774825	5.249621606505109
Nt5e	5'-nucleotidase, ecto (CD73)	0.2987625	0.452979	6.747828	4.073233	1.2909905	0.144658	0.244761	5.226861080697341
Atp7a	ATPase, Cu++ transporting, alpha polypeptide (Menkes syndrome)	4.474142499999999	1.1443219999999998	3.0940084999999997	1.873342	0.596074	2.2865705	9.818624	5.19064495347893
Ripk2	Receptor-interacting serine-threonine kinase 2	2.5414054999999998	5.193305	2.9638025	1.4763629999999999	0.5726015	8.603533	7.076755	5.17602992657197
Cdh22	Cadherin-like 22	0.6532355000000001	2.5941895	3.550541	0.6917884999999999	0.6868879999999999	0.8057525000000001	0.13448949999999998	5.169024644483526
Dab1	Disabled homolog 1 (Drosophila)	39.450692000000004	11.66717	29.9870525	13.520722	5.825373000000001	0.8812949999999999	0.3460565	5.147662218367819
Arvcf	Armadillo repeat gene deletes in velocardiofacial syndrome	3.397987	13.800490499999999	17.0927635	12.824935	3.34204	16.1225175	1.7627545	5.114470054218382
Slc11a1	Solute carrier family 11 (proton-coupled divalent metal ion transporters), member 1	0.1055485	0.1	2.22308	0.14200649999999998	0.4356815	65.483105	0.1031755	5.102534764501132
Runx2	Runt-related transcription factor 2	0.2556215	0.1976125	0.5090215	0.1711325	0.1	0.10164300000000001	0.1	5.090215
Npnt	Nephronectin	0.8105625	25.259855	1.286536	0.22999450000000005	0.2629035	8.9425685	3.7831314999999996	4.893567411616809
Cyp26b1	Cytochrome P450, family 26, subfamily B, polypeptide 1	0.1878605	1.1236465	1.3669764999999998	1.2033345	0.279566	0.109676	0.298815	4.88963786726569
Igsf9b	Immunoglobulin superfamily, member 9B	0.1	4.7570035	6.2716259999999995	11.541200499999999	1.2870845	0.1	0.1	4.872738347793016
Mmp24	Matrix metallopeptidase 24 (membrane-inserted)	0.3012535	19.6876435	4.6816675000000005	0.8877085	0.9632265	0.7648885	0.1	4.860401473589027
Satb1	SATB homeobox 1	10.64884	6.7049895	12.638845	7.181074499999999	2.602047	0.930275	0.932536	4.857270064683689
Batf	Basic leucine zipper transcription factor, ATF-like	0.114666	0.1350055	0.482956	0.1	0.1	41.972152	2.6812715000000003	4.82956
Grid2	Glutamate receptor, ionotropic, delta 2	12.913692999999999	3.9576345	11.8532265	11.402106	2.4652415000000003	0.1	0.1	4.808140094996777
Parva	Parvin, alpha	10.7737	8.7083415	3.974085	1.2204695	0.8293155	0.41969049999999997	15.7862135	4.792006178589451
Cadm1	Cell adhesion molecule 1	45.9631975	29.157076	30.492533	43.919382	6.399841500000001	13.553980500000002	14.763736000000002	4.764576278959408
Ret	Ret proto-oncogene	0.1232705	1.0156865	0.46674150000000003	0.117324	0.1	0.1199275	4.7798245	4.667415
Rap2b	RAP2B, member of RAS oncogene family	15.467451500000001	6.4922985	13.343378999999999	6.148605	2.8831435	3.2277484999999997	1.8017335	4.628066206208604
Fcer1g	Fc fragment of IgE, high affinity I, receptor for; gamma polypeptide	0.300655	1.9123799999999997	31.1574375	2.9505790000000003	6.7402875	603.8902324999999	0.5324504999999999	4.622568028440924
Hspb1	Heat shock 27kDa protein 1	2.3171844999999998	1.0826345	4.0542925	0.19742500000000002	0.8771785	24.7808775	166.68140749999998	4.6219697587207165
Cadm2	Cell adhesion molecule 2	36.419103	15.356714999999998	36.4326205	51.1546905	8.0080145	0.226713	0.18732349999999998	4.54951979669867
Abl2	V-abl Abelson murine leukemia viral oncogene homolog 2 (arg, Abelson-related gene)	7.738865499999999	5.3074965	5.295926	4.2979505	1.167474	13.3146095	7.2852239999999995	4.536226074413649
Gli3	GLI-Kruppel family member GLI3 (Greig cephalopolysyndactyly syndrome)	15.4510915	0.3870595	0.453557	0.1	0.1	0.1	0.2971415	4.53557
Trp53		12.945897	10.273538499999999	11.541628	7.6008255	2.566785	30.142759499999997	29.735219	4.496530874225929
Rac2	Ras-related C3 botulinum toxin substrate 2 (rho family, small GTP binding protein Rac2)	0.1	0.2905125	3.2624795	0.30992	0.733545	76.8931805	0.21781499999999998	4.447551956594347
Bcl3	B-cell CLL/lymphoma 3	0.1241835	0.1	0.5049005	0.1	0.114967	18.036994	3.2214695	4.391699357206851
Lgals9	Lectin, galactoside-binding, soluble, 9 (galectin 9)	1.1150419999999999	2.506654	9.750299	0.9359409999999999	2.2250725	244.157192	117.6923865	4.382014069204486
Pcdh8	Protocadherin 8	7.7513015	10.798009500000001	7.775956000000001	3.4878584999999998	1.778373	0.16827	0.18050699999999997	4.372511278567545
Ccr7	Chemokine (C-C motif) receptor 7	0.1	0.1	0.5463285	0.105398	0.1260215	45.2118065	0.499479	4.335200739556345
Ptger4	Prostaglandin E receptor 4 (subtype EP4)	0.861993	0.41823	0.42845849999999996	0.19594599999999998	0.1	5.9220475	0.28745	4.284584999999999
Cdh11	Cadherin 11, type 2, OB-cadherin (osteoblast)	17.3986765	4.6570335	14.63719	12.675553	3.4453709999999997	0.1992315	24.8408035	4.248363964287155
Nck1	NCK adaptor protein 1	8.7384265	4.415107	5.4412675	2.2373244999999997	1.2832665	4.1229724999999995	26.750952499999997	4.240169520516588
Fblim1	Filamin binding LIM protein 1	0.15516349999999998	1.462048	0.4201645	0.1	0.1	5.285824	0.949442	4.201645
Cd1d1		1.8833305	4.2141165	1.3062684999999998	0.3223015	0.3145175	3.3880835	5.1004855	4.153245844825804
Pcdh19	Protocadherin 19	2.94162	3.179577	2.3459055	1.9563535	0.5677105	0.1	6.437079000000001	4.132221440329182
Ptpn2	Protein tyrosine phosphatase, non-receptor type 2	13.218573	5.723575	6.548043999999999	4.093279	1.5929925	3.5026375000000005	17.2793105	4.110530338341203
Blm	Bloom syndrome	1.6480275	1.3029115	1.50394	0.6949624999999999	0.3661805	0.332812	0.9604365	4.10710018692967
Fcgr4		0.1	0.1	0.435707	0.1	0.106735	3.3782605	0.1	4.082138005340329
Cd48	CD48 molecule	0.1	0.1	0.4051755	0.1	0.1	7.0791615	0.1	4.051755
Il15	Interleukin 15	0.30038	0.1	0.40115500000000004	0.1	0.1	2.7128725	5.101601	4.01155
Esam	Endothelial cell adhesion molecule	2.6582559999999997	1.7315755	1.151707	0.1948295	0.292373	2.335642	468.688631	3.939170169612105
Lims1	LIM and senescent cell antigen-like domains 1	23.0138415	8.495321	21.21736	12.155201000000002	5.467036500000001	8.8890085	71.3387885	3.880961833710091
Pip5k1c	Phosphatidylinositol-4-phosphate 5-kinase, type I, gamma	13.599547	46.63916999999999	29.343228000000003	12.0166295	7.656802	60.354376	22.734644	3.832308580005073
Ppp3cb	Protein phosphatase 3 (formerly 2B), catalytic subunit, beta isoform	15.989167	58.655300999999994	27.405334	14.9649725	7.1527635	5.4724515	14.1020115	3.8314329839089467
Eif2ak4	Eukaryotic translation initiation factor 2 alpha kinase 4	7.585834999999999	3.9335604999999996	4.9832754999999995	3.8269915	1.325004	2.943408	6.766256	3.7609512876942253
Unc5d	Unc-5 homolog D (C. elegans)	0.257108	2.1499509999999997	0.37023649999999997	0.1143315	0.1	0.1	0.1	3.7023649999999995
Lfng	LFNG O-fucosylpeptide 3-beta-N-acetylglucosaminyltransferase	53.542256	2.877027	4.531522000000001	0.8795015	1.2282875	151.607501	7.353499	3.689300754098695
Bcl11b	B-cell CLL/lymphoma 11B (zinc finger protein)	0.1	6.665906	0.4504545	0.1	0.12381550000000001	0.10757250000000002	0.1	3.638110737347101
Rc3h2	Ring finger and CCCH-type zinc finger domains 2	8.5311535	9.8137975	6.897113	7.109892499999999	1.922252	1.0073685000000001	4.5299905	3.588037884731034
Pcdh10	Protocadherin 10	75.214177	32.5212595	46.070041	33.7377735	12.9349695	0.5489095	0.345695	3.561665993878069
Prex1	Phosphatidylinositol 3,4,5-trisphosphate-dependent RAC exchanger 1	78.61951450000001	8.804152	73.2116825	53.080953	20.6496445	87.639753	18.6570435	3.5454209635424956
Srf	Serum response factor (c-fos serum response element-binding transcription factor)	46.712354	15.5043035	29.943614500000002	15.15032	8.7116985	28.0945905	15.053366	3.437172957718865
Cadm3	Cell adhesion molecule 3	5.4021475	106.0347925	34.059881	39.442175500000005	9.980026	1.8062835	0.4476765	3.4128048363801855
Ifnar1	Interferon (alpha, beta and omega) receptor 1	13.9505795	7.5954265	12.927337999999999	5.927193	3.842867	24.773712500000002	65.229098	3.3639826723121042
Cd44	CD44 molecule (Indian blood group)	16.063852500000003	2.2464775	0.5740205	0.1	0.1719295	2.009391	0.264963	3.3386969659075376
Sdk2	Sidekick homolog 2 (chicken)	1.515704	4.0189875	0.34912750000000004	0.1	0.1053265	0.1	0.1728295	3.314716619274352
Rock1	Rho-associated, coiled-coil containing protein kinase 1	9.702397999999999	5.076093999999999	7.2307345000000005	5.7002595	2.195315	1.055693	11.6259655	3.2937116085846454
Myh9	Myosin, heavy chain 9, non-muscle	5.5582720000000005	2.0083795	8.001976	3.317396	2.43016	54.3731035	58.299923	3.2927774302926562
Hspd1	Heat shock 60kDa protein 1 (chaperonin)	17.274410500000002	20.0438935	22.701314	18.3061835	6.895298	10.306976500000001	7.9185975	3.292289035223713
Gimap1	GTPase, IMAP family member 1	0.349924	0.115331	0.4254385	0.11086950000000001	0.12972	8.329350999999999	33.300408	3.279667745914277
Rnase10	Ribonuclease, RNase A family, 10 (non-active)	0.3946655	0.1	0.32900599999999997	0.1	0.100429	4.7655665	0.1	3.2760059345408195
Cd34	CD34 molecule	2.2479575	1.673219	2.7030279999999998	0.273539	0.8484765000000001	23.078954000000003	581.644184	3.185742916863342
Pvrl3	Poliovirus receptor-related 3	18.470767000000002	4.934178	18.653710500000003	12.950160499999999	5.8716539999999995	0.19856649999999998	6.6279055	3.176909010646745
Cyfip2	Cytoplasmic FMR1 interacting protein 2	2.614631	34.219277000000005	36.518042	91.433206	11.5413235	2.351451	0.6628905	3.1641121575008273
Plekha7	Pleckstrin homology domain containing, family A member 7	3.5641809999999996	22.028329	0.42801	0.493114	0.135576	0.28634950000000003	0.6913940000000001	3.156974685785095
Dsc2	Desmocollin 2	0.1953035	0.257708	0.3055105	0.1	0.1	0.1	0.1	3.055105
Pkd1	Polycystic kidney disease 1 (autosomal dominant)	13.6773035	10.180617	8.019272	7.269489999999999	2.684821	8.398838000000001	5.4270495	2.986892608483024
Rc3h1	Ring finger and CCCH-type zinc finger domains 1	5.3036655	7.212936	5.755354499999999	6.596232499999999	1.930016	1.399937	8.9381405	2.982024242286074
Vcl	Vinculin	44.5957905	3.8493164999999996	4.802622	2.579485	1.6134339999999998	1.869593	36.117917	2.976646085306248
Stx11	Syntaxin 11	0.115612	0.49468999999999996	0.29679449999999996	0.1	0.1	3.412011	1.6073404999999998	2.9679449999999994
Ddost	Dolichyl-diphosphooligosaccharide-protein glycosyltransferase	45.4636395	41.614078	102.8536355	79.168762	34.9509295	95.910505	74.224176	2.9428011492512667
Vezt	Vezatin, adherens junctions transmembrane protein	7.713427	6.877494	6.882503	3.9326145	2.341457	1.8020125	4.6056405	2.9394103756763417
Itga7	Integrin, alpha 7	43.4282755	1.652407	1.3006769999999999	0.31465750000000003	0.44672799999999996	0.556265	1.8903485	2.9115636360380366
Cxcl12	Chemokine (C-X-C motif) ligand 12 (stromal cell-derived factor 1)	0.9521885000000001	241.94066449999997	21.015341	4.345470499999999	7.294741	2.8905455	125.96639	2.880889259810595
Celsr2	Cadherin, EGF LAG seven-pass G-type receptor 2 (flamingo homolog, Drosophila)	10.280343	19.250534000000002	9.7581005	4.1355615	3.3958890000000004	0.438138	0.1757935	2.8735039631742962
Clstn1	Calsyntenin 1	63.396112	215.964677	114.4614685	53.405751499999994	39.9569175	44.0830115	17.0057045	2.8646220895293033
Robo2	Roundabout, axon guidance receptor, homolog 2 (Drosophila)	1.3103639999999999	35.4123575	1.1975835	0.93806	0.4211635	0.1	0.110721	2.8435120802253753
Ccl5	Chemokine (C-C motif) ligand 5	0.1	0.196741	0.28088	0.210901	0.1	12.0518035	0.9349535	2.8088
Jag2	Jagged 2	0.7524495	8.9642905	1.0382974999999999	0.8797564999999999	0.371623	7.117362	43.948865999999995	2.793953818789472
Lck	Lymphocyte-specific protein tyrosine kinase	0.20154850000000002	1.1693485	0.27554999999999996	0.1	0.1	1.6984545	0.2849255	2.7554999999999996
Kirrel2	Kin of IRRE like 2 (Drosophila)	2.70788	0.4308015	1.373202	0.1	0.5018279999999999	0.28055050000000004	0.1	2.7363997226141232
Cd74	CD74 molecule, major histocompatibility complex, class II invariant chain	0.20495049999999998	0.3491065	3.764221	0.18634099999999998	1.3970725000000002	116.68685199999999	1.8900124999999999	2.6943633920215304
Azi2	5-azacytidine induced 2	9.034103	15.976665	11.6879345	7.136745	4.3541045	4.220746999999999	14.294881499999999	2.6843486416093136
Prkdc	Protein kinase, DNA-activated, catalytic polypeptide	4.83445	1.2620580000000001	2.3735165	2.4264099999999997	0.8851264999999999	0.39825	1.110559	2.6815562521289333
Cblb	Cas-Br-M (murine) ecotropic retroviral transforming sequence b	10.0056175	5.5279595	3.2874670000000004	1.8930265	1.2286725	1.6988085000000002	2.080895	2.6756251157244915
Tnxb	Tenascin XB	0.140664	0.114482	0.258461	0.1	0.1	0.1	0.29164599999999996	2.5846099999999996
Cldn1	Claudin 1	0.141159	0.3854295	0.2563655	0.1	0.1	0.1	0.2003875	2.5636550000000002
Tsc1	Tuberous sclerosis 1	7.1934395	7.8539905	5.3927385	5.2859704999999995	2.109202	3.1329775	1.74608	2.556767203899864
Tnfrsf4	Tumor necrosis factor receptor superfamily, member 4	0.8192285	0.421683	0.255486	0.5820275	0.1	0.741451	0.372561	2.5548599999999997
Fzd7	Frizzled homolog 7 (Drosophila)	7.8846495	1.1491440000000002	1.024526	0.1591785	0.40285899999999997	12.366408499999999	0.5868990000000001	2.5431379217046164
Nedd4	Neural precursor cell expressed, developmentally down-regulated 4	108.2844815	84.721871	82.7788655	73.490534	32.5965825	1.290712	138.423296	2.53949522162331
Tcf3	Transcription factor 3 (E2A immunoglobulin enhancer binding factors E12/E47)	18.363890499999997	11.710427500000002	24.346943	15.407290999999999	9.6217965	18.549273499999998	36.720592	2.5303947137106877
Dnajb6	DnaJ (Hsp40) homolog, subfamily B, member 6	5.3586715	14.377158000000001	7.041560500000001	5.3572515	2.7862410000000004	4.3070905	13.244116499999999	2.5272618197779733
Mill2		0.1	0.1582245	0.2503935	0.1	0.1	0.1	8.296816	2.503935
Golph3	Golgi phosphoprotein 3 (coat-protein)	37.5551495	25.2020455	38.806152499999996	25.503487999999997	15.710703500000001	14.9940845	42.706348500000004	2.4700455011451266
Zbtb1	Zinc finger and BTB domain containing 1	7.445952	1.8252795	2.120073	3.1895815	0.8587745	1.4999645	4.8435939999999995	2.4687190874903715
Itga4	Integrin, alpha 4 (antigen CD49D, alpha 4 subunit of VLA-4 receptor)	0.18092049999999998	0.1519625	0.26744	0.12739450000000002	0.11103350000000001	0.133988	19.225693	2.4086424367420642
Ptprf	Protein tyrosine phosphatase, receptor type, F	36.0649475	29.885405499999997	18.906593	7.702355	7.8684765	0.6254985	1.5269265	2.4028276630171037
Patz1	POZ (BTB) and AT hook containing zinc finger 1	15.430031	9.884855	15.544989000000001	10.49118	6.607367999999999	7.042835	6.281162999999999	2.352674922904249
Anxa9	Annexin A9	0.96695	0.22108150000000001	0.32392750000000003	0.16288249999999999	0.13876300000000003	0.23386849999999998	0.1	2.3343938946260887
Ctnnd1	Catenin (cadherin-associated protein), delta 1	24.4908285	13.975047	33.7496745	16.235946000000002	14.507627	28.217713	63.21838150000001	2.3263401037261295
Tek	TEK tyrosine kinase, endothelial (venous malformations, multiple cutaneous and mucosal)	0.878763	0.18161549999999999	0.22954449999999998	0.1	0.1	0.2505565	119.399984	2.2954449999999995
Ctnnb1	Catenin (cadherin-associated protein), beta 1, 88kDa	72.53375700000001	150.977036	169.36518800000002	109.777925	74.774564	80.157858	357.240029	2.265010706047046
Xrcc4	X-ray repair complementing defective repair in Chinese hamster cells 4	5.466468000000001	3.9819205	7.4340019999999996	5.111987	3.293011	1.2684735	10.836519	2.2575090092319763
Cxcr4	Chemokine (C-X-C motif) receptor 4	4.006253	35.1365245	3.739804	0.9371695	1.6587195	7.983304	61.2787	2.254633167331788
Card11	Caspase recruitment domain family, member 11	0.1	0.1	0.2252155	0.1	0.1	0.5746875	0.1	2.252155
Ripk3	Receptor-interacting serine-threonine kinase 3	0.1524065	0.134069	0.287117	0.1	0.1275425	6.095472000000001	1.4241869999999999	2.251147656663465
Hs1bp3	HCLS1 binding protein 3	2.290202	1.2889825	4.8251055	2.7974715	2.145212	15.9187585	1.1931995	2.2492441306500246
Cd93	CD93 molecule	1.57145	0.7552095	0.22315400000000002	0.1	0.1	0.5351145	182.0671135	2.23154
Cldn5	Claudin 5 (transmembrane protein deleted in velocardiofacial syndrome)	11.1827515	8.338398999999999	3.873234	0.235794	1.756982	11.168705	3437.0402405	2.204481320810344
Adam17	ADAM metallopeptidase domain 17 (tumor necrosis factor, alpha, converting enzyme)	18.916428	2.9056365	17.533754000000002	18.4988985	8.008282000000001	18.5966605	19.45624	2.1894526191759978
Fat1		23.966699	3.362299	11.7625725	12.5447115	5.405728	0.18367050000000001	1.47817	2.175946052039614
Lef1	Lymphoid enhancer-binding factor 1	2.7579385	0.33563600000000005	0.21639049999999999	0.1	0.1	0.13411250000000002	17.824085	2.1639049999999997
Ada	Adenosine deaminase	0.2273885	1.0230895	1.4677725000000001	1.160183	0.679266	1.6882765	1.03429	2.160821386614375
Rapgef1	Rap guanine nucleotide exchange factor (GEF) 1	10.978995	21.367382499999998	22.494677	57.877078499999996	10.612055999999999	35.0669995	20.3654515	2.1197284484740755
Cdh7	Cadherin 7, type 2	0.1	2.6015645000000003	0.2112325	0.2238095	0.1	0.1	0.1	2.112325
Itgb1	Integrin, beta 1 (fibronectin receptor, beta polypeptide, antigen CD29 includes MDF2, MSK12)	69.9933425	19.8217825	71.355027	81.832011	33.8691515	45.429173000000006	275.9050655	2.1067851965526803
Icam4	Intercellular adhesion molecule 4 (Landsteiner-Wiener blood group)	0.1	0.1	0.210588	0.1	0.1	0.4693675	0.29403599999999996	2.10588
Fzd8	Frizzled homolog 8 (Drosophila)	3.525813	2.343432	4.334531	3.1643485	2.071446	0.852993	4.6822455000000005	2.0925146009116338
Crip3	Cysteine-rich protein 3	0.297937	0.29862999999999995	0.2522115	0.145074	0.1206105	0.2275725	0.1	2.091123907122514
Amigo1	Adhesion molecule with Ig-like domain 1	5.0346705	9.207092500000002	2.795842	0.693174	1.3576525	1.8351719999999998	0.4985545	2.059320776119073
Dll4	Delta-like 4 (Drosophila)	1.9450079999999998	1.6418884999999999	0.2317905	0.166472	0.112858	0.455761	146.2568025	2.0538242747523436
Cbll1	Cas-Br-M (murine) ecotropic retroviral transforming sequence-like 1	4.1044715	6.0576895	4.3407935	3.7348435	2.1158955	2.383953	3.3692525	2.0515160129599974
Ccl19	Chemokine (C-C motif) ligand 19	5.8995675	4.637919999999999	9.6804925	3.2182805	4.725967499999999	6.9887895	51.3114915	2.048362054965465
Relb	V-rel reticuloendotheliosis viral oncogene homolog B, nuclear factor of kappa light polypeptide gene enhancer in B-cells 3 (avian)	3.0601895	3.0523705000000003	4.1520335	2.9960595	2.0571115	47.5561665	14.213417	2.018380384339886
Lig4	Ligase IV, DNA, ATP-dependent	1.847105	1.1757155	1.405572	1.491802	0.707092	0.12720700000000001	0.580371	1.9878205382043637
Stk10	Serine/threonine kinase 10	2.1618415	1.094232	4.1976154999999995	2.2627215	2.1405605000000003	12.365688	0.8836155	1.96098895593
Pcdh1	Protocadherin 1	11.6838845	3.9095445	10.427664	6.604372	5.3891345	0.831519	44.611894500000005	1.9349422435086747
Fgfrl1	Fibroblast growth factor receptor-like 1	47.688526499999995	2.8195385	29.421474500000002	13.983143	15.817216	4.545907	2.3173624999999998	1.8600918454929112
Psmb10	Proteasome (prosome, macropain) subunit, beta type, 10	6.219569	7.0055464999999995	12.085414499999999	7.213126000000001	6.518337	53.2292705	19.8448225	1.85406408106853
Actg1	Actin, gamma 1	449.792916	520.9210845	444.880504	432.21173150000004	241.0030315	1129.0045125	764.6740440000001	1.8459539750644174
Clec4d	C-type lectin domain family 4, member D	0.1	0.1	0.183556	0.1	0.1	1.3511845	0.1	1.8355599999999999
Ceacam1	Carcinoembryonic antigen-related cell adhesion molecule 1 (biliary glycoprotein)	0.136185	0.1	0.3691155	0.36264900000000005	0.2012005	3.120356	7.392256	1.8345655204634181
Nov	Nephroblastoma overexpressed gene	1.0055495	8.797398999999999	1.3739735	0.215366	0.7568555	0.5729960000000001	0.9333585	1.815370965792017
Bcl11a	B-cell CLL/lymphoma 11A (zinc finger protein)	0.8045580000000001	60.142701	1.7007735	0.40619	0.9418145000000001	0.5790295	0.284109	1.8058476483426404
Atp2c1	ATPase, Ca++ transporting, type 2C, member 1	25.18267	25.410356	37.3643025	41.501073500000004	20.7588955	10.318388500000001	26.572591000000003	1.7999176545784914
Icos	Inducible T-cell co-stimulator	0.1	0.1	0.17997800000000003	0.1	0.1	0.770555	0.1211525	1.7997800000000002
Atg5	ATG5 autophagy related 5 homolog (S. cerevisiae)	7.27775	5.695845	10.235	8.664356	5.723125	11.0733665	18.868343000000003	1.7883586327399803
Amigo3	Adhesion molecule with Ig-like domain 3	7.1857865	1.6924895000000002	1.773223	1.6533075	1.0018455	1.9926965	1.4379754999999999	1.7699565451958412
Clec4e	C-type lectin domain family 4, member E	0.1	0.1	0.17691600000000002	0.1	0.1	0.4310485	0.1	1.76916
Ly9	Lymphocyte antigen 9	0.1	0.1	0.1761435	0.1	0.1	2.9780699999999998	0.11235149999999999	1.761435
Actb	Actin, beta	405.567631	323.1965645	536.386489	398.3841785	305.474067	1994.417173	512.4096785	1.7559149759183976
Cd226	CD226 molecule	0.1	0.1	0.1754435	0.1	0.1	0.1014975	0.1	1.754435
Cd4	CD4 molecule	0.1	0.1	0.171854	0.1	0.1	1.963701	0.1	1.71854
Nhej1	Nonhomologous end-joining factor 1	1.4746190000000001	0.9268325	2.026322	1.336347	1.1848145	2.0351095	1.3593425	1.7102440930626692
Dnaja3	DnaJ (Hsp40) homolog, subfamily A, member 3	8.367605	7.8856075	10.8008475	5.400807	6.324008	6.8471165	7.110011999999999	1.7079117388845808
Foxp1	Forkhead box P1	1.517682	5.285347	1.5406054999999999	0.707453	0.9102245	2.299166	16.231707	1.6925555178969582
Prdx2	Peroxiredoxin 2	54.32777299999999	147.09585399999997	159.363274	148.0189755	94.3893285	48.8933145	168.721193	1.6883611371385059
Lims2	LIM and senescent cell antigen-like domains 2	0.311345	1.975056	85.1246195	206.20192500000002	50.6237845	1.661984	29.20225	1.681514338383769
Gp1ba	Glycoprotein Ib (platelet), alpha polypeptide	0.318886	0.4881715	0.27983349999999996	0.306188	0.1668445	0.35185	0.527746	1.6772114154197468
Jmjd6	Jumonji domain containing 6	10.918972499999999	10.264573500000001	17.3095115	15.413287	10.368093	23.2438345	30.771953500000002	1.6694980938153234
Slit2	Slit homolog 2 (Drosophila)	0.36740649999999997	1.04653	1.164843	1.5784345	0.6983815	0.1	1.267571	1.667917893014062
Pknox1	PBX/knotted 1 homeobox 1	2.7868075	3.4903505	3.8446105	3.0013365000000003	2.361028	6.855472499999999	3.447809	1.6283629419049668
Ncaph2	Non-SMC condensin II complex, subunit H2	8.1197845	10.798027000000001	15.168953000000002	9.5973185	9.3560535	17.438059	20.165878	1.621298232208698
Cdon	Cdon homolog (mouse)	2.25909	7.3441215	2.4610719999999997	1.620233	1.5212365	0.209954	0.5446575	1.6178102484393448
Itgax	Integrin, alpha X (complement component 3 receptor 4 subunit)	0.1	0.1	0.1615885	0.1	0.1	4.1793135	0.1	1.6158849999999998
Pard3	Par-3 partitioning defective 3 homolog (C. elegans)	7.8303294999999995	7.038480499999999	8.155956499999998	5.755727	5.054043	0.1	6.823307	1.613748933279752
Wwp1	WW domain containing E3 ubiquitin protein ligase 1	7.0172535	3.297039	6.1847495	5.900370000000001	3.843572	1.4181000000000001	5.3518265	1.609115036741864
Shc1	SHC (Src homology 2 domain containing) transforming protein 1	6.81509	1.928542	3.1854115	3.468976	1.9960550000000001	14.664825	18.374985	1.5958535711691308
Icam2	Intercellular adhesion molecule 2	0.6923505	0.43268150000000005	0.15890500000000002	0.1	0.1	1.3620095	216.739848	1.58905
Ptpn22	Protein tyrosine phosphatase, non-receptor type 22 (lymphoid)	0.5268029999999999	0.30509250000000004	0.158664	0.1	0.1	0.492722	0.6086965	1.5866399999999998
Cdh15	Cadherin 15, M-cadherin (myotubule)	0.1	0.246883	0.167009	0.1144945	0.1055235	0.1	0.1	1.5826711585570985
Lcp1	Lymphocyte cytosolic protein 1 (L-plastin)	0.4207035	0.41922950000000003	7.862901000000001	1.5024264999999999	4.9757964999999995	126.964123	46.3750085	1.5802296175094785
Rpl22	Ribosomal protein L22	15.5452525	42.5702815	52.270833499999995	44.104800499999996	33.325224999999996	41.7858595	90.1490325	1.5685065442168808
Bax	BCL2-associated X protein	26.019882000000003	30.6717985	50.3965345	50.3490245	32.3054395	79.117024	40.9601205	1.5600015130578861
Stk11	Serine/threonine kinase 11	22.568433	26.3345195	26.690089999999998	19.663938	17.212695	29.558419999999998	16.5142595	1.550604945942515
Fibp	Fibroblast growth factor (acidic) intracellular binding protein	14.858998	16.005229	16.920219	13.8275515	11.021974	19.0313805	22.563989999999997	1.5351350856026333
Stoml2	Stomatin (EPB72)-like 2	11.384980500000001	12.7549815	14.7856005	11.092924	9.678569	9.8865415	16.727420000000002	1.527663903620463
Psen1	Presenilin 1 (Alzheimer disease 3)	16.687378000000002	15.2916415	27.9655845	21.316767	18.351950000000002	45.862466999999995	18.616462	1.5238481196821043
Itga2b	Integrin, alpha 2b (platelet glycoprotein IIb of IIb/IIIa complex, antigen CD41)	0.1226915	0.43004699999999996	0.2359145	0.368546	0.154966	0.152338	0.9179855	1.5223629699417938
Ncstn	Nicastrin	29.2067805	21.410005499999997	29.777984	22.619215	20.0768985	52.167871	33.165330999999995	1.483196421000983
Myl12b		22.6831835	68.1542335	52.4036385	39.810719000000006	35.4728725	115.054233	284.55863	1.4772877076701358
Slamf6	SLAM family member 6	0.1	0.1	0.1471665	0.1	0.1	0.708099	0.1	1.471665
Ncam1	Neural cell adhesion molecule 1	166.3066695	65.457667	109.7728145	193.143148	74.850442	1.35266	0.3885095	1.4665620077433876
Cdh23	Cadherin-like 23	0.1	0.117871	0.144057	0.1	0.1	3.1457405	0.1	1.44057
Stxbp1	Syntaxin binding protein 1	8.2410465	150.8298845	22.3617095	12.189702	15.8018665	10.989557	13.2531115	1.415130896087497
Cdh20	Cadherin 20, type 2	17.5338865	2.0988135	8.890415	22.501404	6.4277584999999995	0.12502649999999998	0.1	1.3831283487081851
Cdh8	Cadherin 8, type 2	0.1341985	6.0402689999999994	0.24835249999999998	0.1	0.18100650000000001	0.1	0.1335635	1.3720639866524127
Gm13275		0.133101	0.1	0.13615349999999998	0.1	0.1	0.1	0.14147700000000002	1.3615349999999997
Fyn	FYN oncogene related to SRC, FGR, YES	37.019157	43.887212999999996	81.19905449999999	447.7654175	60.4841095	9.6504825	40.7641515	1.3424857399942374
Celsr1	Cadherin, EGF LAG seven-pass G-type receptor 1 (flamingo homolog, Drosophila)	5.302217499999999	0.5259385	0.1342095	0.1	0.1	0.1	0.1	1.342095
Itgal	Integrin, alpha L (antigen CD11A (p180), lymphocyte function-associated antigen 1; alpha polypeptide)	0.1	0.1	0.2957375	0.392371	0.22127049999999998	1.6637434999999998	0.1723065	1.3365428288000434
Cd28	CD28 molecule	0.1	0.1	0.133026	0.1	0.1	0.152719	0.1277185	1.33026
Gnas	GNAS complex locus	188.689695	494.3597125	425.6524285	341.735973	323.8408645	340.71984599999996	453.5157655	1.3143876365238643
Psen2	Presenilin 2 (Alzheimer disease 4)	6.1980949999999995	10.779551000000001	6.720008	4.9125675	5.1684595	8.206693000000001	5.3695965	1.3001955418244062
Dpp4	Dipeptidyl-peptidase 4 (CD26, adenosine deaminase complexing protein 2)	0.1145595	0.11496799999999999	0.1293215	0.1	0.1	0.10440350000000001	8.497109	1.293215
Cd2	CD2 molecule	0.1	0.1	0.1283135	0.1	0.1	0.7176215	0.32694049999999997	1.283135
Nfatc3	Nuclear factor of activated T-cells, cytoplasmic, calcineurin-dependent 3	5.7615365	3.052999	4.2835655	5.362621	3.398254	3.3401505	8.172497	1.2605195197298378
Tln1	Talin 1	9.4701145	1.8019954999999999	14.1086855	11.839367	11.2795675	100.3876175	30.9198735	1.2508179502449894
Treml2	Triggering receptor expressed on myeloid cells-like 2	0.1	0.1	0.12499450000000001	0.1	0.1	1.125771	0.1	1.249945
Gm13276		0.1	0.1283145	0.1249455	0.1	0.1	0.1	0.134242	1.249455
Ttyh1	Tweety homolog 1 (Drosophila)	359.06111000000004	32.478311500000004	143.6725305	156.89346999999998	116.2750945	9.162476999999999	1.4854905	1.2356260050169212
Pkp2	Plakophilin 2	0.897699	0.158514	0.1225035	0.1	0.1	0.1	0.3554635	1.2250349999999999
Metap1	Methionyl aminopeptidase 1	10.310412	10.5193415	9.518070999999999	10.758834	7.7871275	6.3343655000000005	11.478721	1.2222826709849042
Lmo7	LIM domain 7	0.46593149999999994	1.297097	0.5008125	0.1916245	0.412172	0.131361	1.441347	1.2150570635559912
Cdh12	Cadherin 12, type 2 (N-cadherin 2)	0.1	0.439245	0.12085800000000001	0.1	0.1	0.1	0.1	1.20858
Icam5	Intercellular adhesion molecule 5, telencephalin	0.1270465	5.458677	2.8918265	0.456704	2.4101555	3.164794	0.3610355	1.1998505905531822
Cdh9	Cadherin 9, type 2 (T1-cadherin)	0.1	0.8734385	0.1181315	0.1	0.1	0.1	0.1	1.181315
Tbx21	T-box 21	0.132065	0.1321965	0.115818	0.1074045	0.1	0.1295735	0.1	1.15818
Spn	Sialophorin (leukosialin, CD43)	0.1	0.1	0.1147905	0.1	0.1	0.756335	0.2186575	1.147905
Elmo2	Engulfment and cell motility 2	25.3297235	12.777942	11.121694999999999	9.692395000000001	9.746388499999998	17.500538499999998	10.440662999999999	1.141109345271841
Frem2	FRAS1 related extracellular matrix protein 2	9.640531	0.606979	0.111948	0.1	0.1	0.1	1.1449259999999999	1.11948
Flt3	Fms-related tyrosine kinase 3	0.1	0.1374915	0.11141400000000001	0.1	0.1	0.1	0.1	1.1141400000000001
Fut7	Fucosyltransferase 7 (alpha (1,3) fucosyltransferase)	0.1	0.9450729999999999	0.1113625	0.1332025	0.1	0.363632	0.1	1.1136249999999999
Zap70	Zeta-chain (TCR) associated protein kinase 70kDa	0.15770699999999999	0.410001	0.11084250000000001	0.1	0.1	0.6551865	13.047136	1.108425
Fkbp1b	FK506 binding protein 1B, 12.6 kDa	1.3408125	16.159995000000002	3.072913	1.3482455	2.795237	1.737297	1.4171215	1.0993389827052231
Thy1	Thy-1 cell surface antigen	7.4605765	77.5934615	13.2032355	2.7719639999999997	12.062393	11.4937085	2.265164	1.0945784555353153
Aire	Autoimmune regulator	0.1	0.1033875	0.107449	0.18958799999999998	0.1	0.1	0.1	1.07449
Il4	Interleukin 4	0.1	0.1838525	0.107319	0.1	0.1	0.1	0.1	1.0731899999999999
Rps6	Ribosomal protein S6	22.293083	47.409679499999996	74.904967	71.121766	72.467927	210.048275	274.4479025	1.0336292219315173
Pla2g2d	Phospholipase A2, group IID	0.1	0.1	0.1029955	0.1	0.1	0.9127780000000001	0.1	1.029955
Lgals7	Lectin, galactoside-binding, soluble, 7 (galectin 7)	0.1	0.652717	0.1029695	0.1	0.1	0.1	0.1	1.029695
Cadm4	Cell adhesion molecule 4	92.6235505	89.6842245	290.076711	437.52903349999997	281.9925	7.877553	8.588028	1.028668177345142
Fas	Fas (TNF receptor superfamily, member 6)	2.6873505	0.2663625	0.101647	0.1	0.1	4.4860565	6.2720755	1.01647
Psmb11		0.1	0.1	0.1	0.1	0.1	0.1	0.1	1.0
Eomes	Eomesodermin homolog (Xenopus laevis)	0.13293100000000002	3.0539755	0.1	0.1	0.1	0.1	0.10035050000000001	1.0
Cd3e	CD3e molecule, epsilon (CD3-TCR complex)	0.1	0.1	0.1	0.1	0.1	0.4871735	0.1	1.0
Tigit		0.1466205	0.14915899999999999	0.1	0.1	0.1	0.1465765	0.1	1.0
Wnt3a	Wingless-type MMTV integration site family, member 3A	0.1	0.1	0.1	0.1	0.1	0.1	0.1	1.0
Wnt1	Wingless-type MMTV integration site family, member 1	0.1	0.1	0.1	0.1	0.1	0.1	0.1	1.0
Vnn1	Vanin 1	2.8665835	0.120129	0.1	0.1	0.1	0.1	0.1	1.0
Umod	Uromodulin (uromucoid, Tamm-Horsfall glycoprotein)	0.1	0.1	0.1	0.1	0.1	0.1	0.1	1.0
Txk	TXK tyrosine kinase	0.1	0.1	0.1	0.1	0.1	0.1051995	0.1102085	1.0
Amica1	Adhesion molecule, interacts with CXADR antigen 1	0.1	0.1	0.1	0.1	0.1	0.31288499999999997	0.14954499999999998	1.0
Tnfsf8	Tumor necrosis factor (ligand) superfamily, member 8	0.1	0.1	0.1	0.1	0.1	0.1	0.14667249999999998	1.0
Tnfsf4	Tumor necrosis factor (ligand) superfamily, member 4 (tax-transcriptionally activated glycoprotein 1, 34kDa)	0.1	0.1	0.1	0.1	0.1	0.1	0.1	1.0
Tnfsf18	Tumor necrosis factor (ligand) superfamily, member 18	0.1	0.1	0.1	0.1	0.1	0.9712375	0.228263	1.0
Themis		0.1	0.1	0.1	0.1	0.1	0.1	0.1	1.0
Cd3d	CD3d molecule, delta (CD3-TCR complex)	0.1	0.1	0.1	0.1	0.1	0.8012365	0.2044555	1.0
Apoa4	Apolipoprotein A-IV	0.1	0.1	0.1	0.1	0.1	0.1	0.1	1.0
Tcam1	Testicular cell adhesion molecule 1 homolog (mouse)	0.1185265	0.1239035	0.1	0.1	0.1	0.1	0.1	1.0
Bmx	BMX non-receptor tyrosine kinase	0.1	0.1	0.1	0.1	0.1	0.1	2.426366	1.0
Sla2	Src-like-adaptor 2	0.1	0.1	0.1	0.1	0.1	0.107879	0.1	1.0
Skint1		0.1	0.1	0.1	0.1	0.1	0.1	0.1	1.0
Selp	Selectin P (granule membrane protein 140kDa, antigen CD62)	0.1	0.1	0.1	0.1	0.1	0.1	1.0566665	1.0
Rorc	RAR-related orphan receptor C	0.1728135	0.1	0.1	0.1	0.1	0.219951	0.1	1.0
Rag2	Recombination activating gene 2	0.1	0.1	0.1	0.1	0.1	0.1	0.1	1.0
Rag1	Recombination activating gene 1	0.1	0.1	0.1	0.1	0.1	0.1	0.1	1.0
Sele	Selectin E (endothelial adhesion molecule 1)	0.264266	0.1	0.1	0.1	0.1	0.1	1.884816	1.0
Nkx2-3	NK2 transcription factor related, locus 3 (Drosophila)	0.1	0.1	0.1	0.1	0.1	0.1	0.1	1.0
Cd6	CD6 molecule	0.1	0.1	0.1	0.1	0.1	0.5370615	0.10330600000000001	1.0
Ifna6	Interferon, alpha 6	0.1	0.1	0.1	0.1	0.1	0.1	0.1	1.0
Dsc3	Desmocollin 3	0.1	0.1410325	0.1	0.1	0.1	0.1	0.1	1.0
Hsh2d	Hematopoietic SH2 domain containing	0.1	0.1350415	0.1	0.1	0.1	0.1	0.1	1.0
Dsc1	Desmocollin 1	0.1	0.1244655	0.1	0.1	0.1	0.1	0.1	1.0
Ifna1	Interferon, alpha 1	0.1	0.1	0.1	0.1	0.1	0.1	0.1	1.0
Ifna11		0.1	0.1	0.1	0.1	0.1	0.1	0.1	1.0
Ifna12		0.1	0.1	0.1	0.1	0.1	0.1	0.1	1.0
Ifna13	Interferon, alpha 13	0.1	0.1	0.1	0.1	0.1	0.1	0.1	1.0
Ifna14	Interferon, alpha 14	0.1	0.1	0.1	0.1	0.1	0.1	0.1	1.0
Ifna2	Interferon, alpha 2	0.1	0.1	0.1	0.1	0.1	0.1	0.1	1.0
Ifna4	Interferon, alpha 4	0.1	0.1	0.1	0.1	0.1	0.1	0.1	1.0
Ifna5	Interferon, alpha 5	0.1	0.1	0.1	0.1	0.1	0.1	0.1	1.0
Ifna7	Interferon, alpha 7	0.1	0.1	0.1	0.1	0.1	0.1	0.1	1.0
Gpa33	Glycoprotein A33 (transmembrane)	0.1	0.1	0.1	0.1	0.1	0.1	0.1	1.0
Ifna9		0.1	0.1	0.1	0.1	0.1	0.1	0.1	1.0
Ifnab		0.1	0.1	0.1	0.1	0.1	0.1	0.1136775	1.0
Ifnb1	Interferon, beta 1, fibroblast	0.1	0.1	0.1	0.1	0.1	1.199905	0.1	1.0
Ifne		0.1	0.1	0.1	0.1	0.1	0.1	0.1	1.0
Ifng	Interferon, gamma	0.1	0.1	0.1	0.1	0.1	0.21611600000000003	0.1	1.0
Ifnk	Interferon, kappa	0.1	0.1	0.1	0.1	0.1	0.1	0.1	1.0
Ifnz		0.1	0.1	0.1	0.1	0.1	0.1	0.11050850000000001	1.0
Igsf5	Immunoglobulin superfamily, member 5	0.1027165	0.1	0.1	0.1	0.1	0.1022985	16.908485	1.0
Cd8a	CD8a molecule	0.1	0.1	0.1	0.1	0.1	0.120651	0.1	1.0
Il12b	Interleukin 12B (natural killer cell stimulatory factor 2, cytotoxic lymphocyte maturation factor 2, p40)	0.1	0.1	0.1	0.1	0.1	8.24852	0.1	1.0
Il18r1	Interleukin 18 receptor 1	0.1	0.1	0.1	0.1	0.1	0.1	0.1	1.0
Dsg1a		0.1	0.3151385	0.1	0.1	0.1	0.1	0.1	1.0
Gm609		0.1	0.5641235	0.1	0.1	0.1	0.1	0.1	1.0
Il7	Interleukin 7	0.1	0.1	0.1	0.1	0.1	0.1	0.228889	1.0
Gata1	GATA binding protein 1 (globin transcription factor 1)	0.1	0.1	0.1	0.1	0.1	0.1	0.1	1.0
Fat2	FAT tumor suppressor homolog 2 (Drosophila)	0.1	0.1	0.1	0.1	0.1	0.1	0.1	1.0
Dsp	Desmoplakin	0.1	1.7807465	0.1	0.1	0.1	0.1	0.7261120000000001	1.0
Dsg4	Desmoglein 4	0.1	0.1	0.1	0.1	0.1	0.1	0.1	1.0
Fga	Fibrinogen alpha chain	0.1	0.1	0.1	0.1	0.1	0.1	0.1	1.0
Fgb	Fibrinogen beta chain	0.1	0.1	0.1	0.1	0.1	0.1	0.1	1.0
Fgg	Fibrinogen gamma chain	0.1779555	0.1	0.1	0.1	0.1	0.1	0.1	1.0
Dsg3	Desmoglein 3 (pemphigus vulgaris antigen)	0.1	0.1	0.1	0.1	0.1	0.1	0.1	1.0
Dsg2	Desmoglein 2	0.1	0.135383	0.1	0.1	0.1	0.1	0.1	1.0
Dsg1c		0.1	0.1	0.1	0.1	0.1	0.1	0.1	1.0
Foxn1	Forkhead box N1	0.1	0.1	0.1	0.1	0.1	0.1	0.1	1.0
Foxp3	Forkhead box P3	0.1	0.11112849999999999	0.1	0.1	0.1	0.162528	0.1	1.0
Gata3	GATA binding protein 3	0.1	0.1458175	0.1	0.1	0.1	0.1	1.3644715	1.0
Gm13289		0.1	0.1	0.1	0.1	0.1	0.1	0.1	1.0
Dsg1b		0.1	0.102093	0.1	0.1	0.1	0.1	0.1	1.0
Gldn	Gliomedin	0.3685535	0.396322	0.1	0.1	0.1	0.1	0.1	1.0
Gm1123		0.1	0.1	0.1	0.1	0.1	0.1	0.5735915	1.0
Gm13271		0.1	0.1	0.1	0.1	0.1	0.1	0.1	1.0
Gm13272		0.1	0.1	0.1	0.1	0.1	0.1	0.1	1.0
Gm13277		0.1	0.1	0.1	0.1	0.1	0.1	0.1	1.0
Gm13278		0.1	0.1	0.1	0.1	0.1	0.1	0.1	1.0
Gm13279		0.1	0.1	0.1	0.1	0.1	0.1	0.1	1.0
Gm13283		0.1	0.1	0.1	0.1	0.1	0.1	0.2643585	1.0
Gm13287		0.104327	0.1	0.1	0.1	0.1	0.1	0.139862	1.0
Gm13288		0.1	0.1	0.1	0.1	0.1	0.1	0.1	1.0
Il6	Interleukin 6 (interferon, beta 2)	0.2049525	0.12791550000000002	0.1	0.1	0.1	0.113732	0.7018955	1.0
Ihh	Indian hedgehog homolog (Drosophila)	0.1	0.11587700000000001	0.1	0.1	0.1	0.1	0.1	1.0
Cldn3	Claudin 3	0.18247049999999998	0.8042665	0.1	0.1	0.1	0.1	0.314931	1.0
Cdhr5		0.1	0.1	0.1	0.1	0.1	0.1	0.1	1.0
Clec4f	C-type lectin domain family 4, member F	0.1	0.1	0.1	0.1	0.1	0.1	0.1	1.0
Madcam1	Mucosal vascular addressin cell adhesion molecule 1	0.14763700000000002	0.1	0.1	0.1	0.1	0.2741435	34.6410425	1.0
Mpzl2	Myelin protein zero-like 2	0.1	0.1	0.1	0.1	0.1	0.1	0.1	1.0
Cldn2	Claudin 2	0.13153900000000002	0.1	0.1	0.1	0.1	0.1	0.103128	1.0
Chst4	Carbohydrate (N-acetylglucosamine 6-O) sulfotransferase 4	0.1	0.1	0.1	0.1	0.1	0.1	0.1	1.0
Nlrc3	NLR family, CARD domain containing 3	0.10069900000000001	0.1700365	0.1	0.1	0.1	0.1	4.2231075	1.0
Cel	Carboxyl ester lipase (bile salt-stimulated lipase)	0.1	0.1	0.1	0.1	0.1	0.1	0.1	1.0
Cdsn	Corneodesmosin	0.1	0.1	0.1	0.1	0.1	0.1	0.1	1.0
Olr1	Oxidized low density lipoprotein (lectin-like) receptor 1	0.1	0.1	0.1	0.1	0.1	0.1	0.1	1.0
Cdhr3		0.1035375	0.1	0.1	0.1	0.1	0.1	0.1	1.0
Colec10	Collectin sub-family member 10 (C-type lectin)	0.1	0.1	0.1	0.1	0.1	0.1	0.1	1.0
Pax1	Paired box 1	0.1	0.1	0.1	0.1	0.1	0.1	0.1	1.0
Pcdh12	Protocadherin 12	0.1070185	0.10599900000000001	0.1	0.1	0.1	0.153952	26.114950999999998	1.0
Cdh3	Cadherin 3, type 1, P-cadherin (placental)	0.1	0.15632000000000001	0.1	0.1	0.1	0.1	0.1	1.0
Cdh26	Cadherin-like 26	0.1250425	0.1	0.1	0.1	0.1	0.1	0.225547	1.0
Cdh17	Cadherin 17, LI cadherin (liver-intestine)	0.2178335	0.15223550000000002	0.1	0.1	0.1	0.1	0.1135115	1.0
Cdh16	Cadherin 16, KSP-cadherin	0.1	0.1	0.1	0.1	0.1	0.1	0.1	1.0
Cdh1	Cadherin 1, type 1, E-cadherin (epithelial)	0.1	0.1	0.1	0.1	0.1	0.1	0.1	1.0
Pkp1	Plakophilin 1 (ectodermal dysplasia/skin fragility syndrome)	0.1	0.1	0.1	0.1	0.1	0.1	0.1	1.0
Pkp3	Plakophilin 3	0.1	0.170791	0.1	0.1	0.1	0.1	0.1	1.0
Lep	Leptin (obesity homolog, mouse)	0.1	0.1	0.1	0.1	0.1	0.1	0.1	1.0
5830411N06Rik		0.1	0.1	0.1	0.1	0.1	0.1	0.1	1.0
Lama3	Laminin, alpha 3	0.17732199999999998	0.764209	0.1	0.1	0.1	0.1	0.372722	1.0
Crtam	Cytotoxic and regulatory T cell molecule	0.10406	0.1	0.1	0.1	0.1	0.24447000000000002	0.1	1.0
Crisp2	Cysteine-rich secretory protein 2	0.1	0.1	0.1	0.1	0.1	0.1	0.1	1.0
Crnn	Cornulin	0.1	0.1	0.1	0.1	0.1	0.1	0.1	1.0
Ins2		0.1	0.1	0.1	0.1	0.1	0.1	0.20571499999999998	1.0
Itk	IL2-inducible T-cell kinase	0.1	0.118808	0.1	0.1	0.1	0.16159600000000002	0.11651700000000001	1.0
Cdc42	Cell division cycle 42 (GTP binding protein, 25kDa)	91.467883	107.435653	162.74554999999998	197.620673	165.262314	190.32978250000002	303.07191750000004	0.9847710954839951
Fadd	Fas (TNFRSF6)-associated via death domain	1.5255555	0.2599585	2.0250380000000003	1.5706285	2.057449	5.371105	2.890729	0.9842469971309132
F2rl1	Coagulation factor II (thrombin) receptor-like 1	0.1	0.1	0.1	0.1	0.1050545	0.1	0.551379	0.9518868777634467
Tspan32	Tetraspanin 32	0.1	0.1	0.148824	0.155229	0.16625800000000002	2.6640145	0.1	0.895138880535072
Tnip1	TNFAIP3 interacting protein 1	3.583983	5.928912	4.5080855	5.723259	5.251128	23.3911875	20.085900000000002	0.858498497846558
Lepr	Leptin receptor	0.1053055	0.180164	0.2302355	0.2910685	0.275108	0.1	3.085395	0.8368913299504195
Nkap	NFKB activating protein	2.90215	5.2197895	3.2864475000000004	5.1288955	4.183638500000001	1.1026095	3.072887	0.7855476757850851
Megf10	Multiple EGF-like-domains 10	25.229514	1.2866845	2.452528	2.248307	3.2708285	0.1	0.1	0.749818585719184
Erf	Ets2 repressor factor	23.738948	20.637465499999998	15.518209	29.646835000000003	21.277785	59.8903315	25.5768425	0.7293150579348368
Ric8		11.325513	17.4717005	12.445646	15.5898215	17.183436	16.1606635	16.998148	0.7242815697628809
Zbtb32	Zinc finger and BTB domain containing 32	0.12997350000000002	0.111668	0.12631350000000002	0.12416100000000001	0.1756645	0.568879	0.1	0.7190610510376315
Scrib	Scribbled homolog (Drosophila)	14.791327500000001	10.5848655	10.6426935	17.8666915	15.369505499999999	11.6261375	7.0772095	0.6924551671490017
Ilk	Integrin-linked kinase	28.534374	19.595433	31.7217385	78.61821	48.84426	58.712953	39.4155195	0.6494465982287376
Pvrl1	Poliovirus receptor-related 1 (herpesvirus entry mediator C)	1.6925599999999998	12.492354500000001	9.5378495	12.820130500000001	14.9470575	0.40910100000000005	0.6194495	0.6381088384787441
Rhoa	Ras homolog gene family, member A	66.065188	46.352076	108.9523155	155.980525	176.83306349999998	183.214047	266.918982	0.6161309052930591
Jam3	Junctional adhesion molecule 3	13.564179	13.686338	51.9462585	103.66413750000001	84.938404	7.053057	4.6238209999999995	0.6115756366225106
Fzd5	Frizzled homolog 5 (Drosophila)	3.032238	0.47485049999999995	0.488259	2.496787	0.822029	2.1089605	1.2629299999999999	0.5939680960160773
Ctps	CTP synthase	9.409946999999999	11.4907135	11.4052495	30.244504	19.3354455	2.3505635	11.454775999999999	0.5898622558244133
Rpsa	Ribosomal protein SA	1.663344	4.151634	16.2475125	22.931469	29.2667165	17.999192999999998	67.460495	0.5551532403711908
Dlg1	Discs, large homolog 1 (Drosophila)	12.760131000000001	7.641147	11.9886835	39.095892	21.977012000000002	3.3415515	18.3007565	0.545510167624243
Gadd45g	Growth arrest and DNA-damage-inducible, gamma	178.2872205	35.3811865	17.8676935	44.144913	33.1643645	88.0289355	29.5099415	0.5387618237038736
Apc	Adenomatosis polyposis coli	25.7030705	29.814687	12.7630685	17.696334	24.1888485	1.7431195000000002	7.3890275	0.5276426655861688
Abl1	V-abl Abelson murine leukemia viral oncogene homolog 1	10.009811	8.2628095	13.5019545	32.814842999999996	25.9475755	38.245135	15.608517	0.5203551484029789
Mink1	Misshapen-like kinase 1 (zebrafish)	31.516489	12.697608	12.3120045	57.49016449999999	29.076981500000002	9.691178	13.784775499999999	0.4234278754140969
Ptprd	Protein tyrosine phosphatase, receptor type, D	6.2192050000000005	14.2990785	18.5802005	64.77888899999999	47.040988	1.0523035	6.9051375	0.39497895962559293
Sema4a	Sema domain, immunoglobulin domain (Ig), transmembrane domain (TM) and short cytoplasmic domain, (semaphorin) 4A	45.9679645	9.326765	3.0437525	35.236729499999996	8.681708	5.790252499999999	0.1545375	0.3505937426137806
Ctnna1	Catenin (cadherin-associated protein), alpha 1, 102kDa	42.737646	4.079515000000001	10.126764	25.733018	31.519432000000002	14.767433	116.938312	0.32128637343464816
Jup	Junction plakoglobin	2.51246	6.732122	3.271534	3.4597195	12.208740500000001	42.5979825	25.5653215	0.26796654413286936
Vmp1		20.3324805	14.8958005	24.9952385	54.834958	95.816608	24.439034499999998	40.293302999999995	0.26086540759196986
Itgb3	Integrin, beta 3 (platelet glycoprotein IIIa, antigen CD61)	0.1	0.270094	0.8610095	1.52047	3.7607790000000003	12.477172	0.9459500000000001	0.2289444553907581
Fkbp1a	FK506 binding protein 1A, 12kDa	31.882841	107.077437	108.77165249999999	330.78702899999996	568.0867579999999	45.139694500000004	243.94041299999998	0.19147014248834154
Epcam		0.1	0.1613165	0.1141615	11.535583	0.6424025	0.1	0.1	0.17771023618370102
Tyro3	TYRO3 protein tyrosine kinase	9.216112	7.056413	14.843013500000001	94.404429	90.290622	1.68658	2.953728	0.16439153005281104
Itgb7	Integrin, beta 7	0.1	0.1	0.2811835	6.436833	1.9527329999999998	1.8466295	0.2528565	0.14399485234284462
Itgad	Integrin, alpha D	0.1	0.11354750000000001	0.1	0.33422549999999995	0.8195295	0.437811	0.1	0.1220212329147395
Pkp4	Plakophilin 4	5.5081014999999995	33.429985	8.8257215	50.528277	81.035417	6.3898735	34.508442	0.10891190329778892
Csrp1	Cysteine and glycine-rich protein 1	85.881312	19.363507	47.678895499999996	225.2599395	494.8408495	15.0222775	201.136494	0.09635197972878752
Ctnna3	Catenin (cadherin-associated protein), alpha 3	0.1	0.1	0.1	0.48700999999999994	1.0644040000000001	0.101415	0.1	0.0939492899312667
Mcam	Melanoma cell adhesion molecule	8.089862	2.3641984999999996	3.9517315	72.6304615	59.5974655	0.7682074999999999	87.3022055	0.06630703951663851
Sema4d	Sema domain, immunoglobulin domain (Ig), transmembrane domain (TM) and short cytoplasmic domain, (semaphorin) 4D	14.059337	8.4577235	8.7974305	233.3494665	155.80289249999998	84.42737	0.182386	0.056465129490455394
Il23a	Interleukin 23, alpha subunit p19	0.1	0.1	0.20694400000000002	19.523370999999997	13.983699	0.213784	0.1145765	0.014798945543664807
