name_a	name_b	combined_score	opc_fc_a	endo_fc_a	opc_fc_b	endo_fc_b
Alcam	B2m	191	5.5683	-3.5519	2.7299	1.6164
Ccr7	B2m	377	2.1161	-3.946	2.7299	1.6164
Cd1d1	B2m	993	2.0542	1.421	2.7299	1.6164
Cd34	B2m	216	1.6716	6.8229	2.7299	1.6164
Cd48	B2m	246	2.0185	-3.716	2.7299	1.6164
Ceacam1	B2m	309	0.87544	3.3702	2.7299	1.6164
Cxcl12	B2m	329	1.5265	1.4406	2.7299	1.6164
Cxcr4	B2m	218	1.1729	2.7818	2.7299	1.6164
Dpp4	B2m	152	0.37096	6.2643	2.7299	1.6164
Fcer1g	B2m	229	2.2087	-7.6618	2.7299	1.6164
H2-DMa	B2m	583	2.3922	-2.2565	2.7299	1.6164
Icam1	B2m	945	4.1105	0.8755700000000001	2.7299	1.6164
Il6	B2m	280	0.0	2.4959	2.7299	1.6164
Itga4	B2m	396	1.2682	6.8898	2.7299	1.6164
Itga5	B2m	235	2.8	1.9638	2.7299	1.6164
Itgam	B2m	639	2.6857	-8.7568	2.7299	1.6164
Itgb1	B2m	353	1.075	2.3607	2.7299	1.6164
Itgb2	B2m	324	2.6682	-5.1088	2.7299	1.6164
Kit	B2m	606	4.101	0.7569899999999999	2.7299	1.6164
Nt5e	B2m	309	2.3859	-3.147	2.7299	1.6164
Pdgfra	B2m	173	9.6849	-8.1844	2.7299	1.6164
Ptprc	B2m	782	3.9704	-2.8994	2.7299	1.6164
Pvrl2	B2m	179	4.3138	1.421	2.7299	1.6164
Selp	B2m	491	0.0	3.4014	2.7299	1.6164
Tek	B2m	351	1.1988	8.6851	2.7299	1.6164
Tgfb1	B2m	330	2.9286	0.044873	2.7299	1.6164
Tnf	B2m	730	3.7681	-3.7786	2.7299	1.6164
Vcam1	B2m	904	4.8533	-2.634	2.7299	1.6164
Alcam	Ccr7	165	5.5683	-3.5519	2.1161	-3.946
Anxa1	Ccr7	900	2.6875	5.4665	2.1161	-3.946
B2m	Ccr7	377	2.7299	1.6164	2.1161	-3.946
Cd48	Ccr7	229	2.0185	-3.716	2.1161	-3.946
Cxcl12	Ccr7	983	1.5265	1.4406	2.1161	-3.946
Cxcr4	Ccr7	909	1.1729	2.7818	2.1161	-3.946
Dpp4	Ccr7	330	0.37096	6.2643	2.1161	-3.946
Icam1	Ccr7	726	4.1105	0.8755700000000001	2.1161	-3.946
Il15	Ccr7	177	2.0042	3.0428	2.1161	-3.946
Il6	Ccr7	728	0.0	2.4959	2.1161	-3.946
Il7r	Ccr7	724	3.0818	-3.38	2.1161	-3.946
Itga4	Ccr7	710	1.2682	6.8898	2.1161	-3.946
Itga5	Ccr7	309	2.8	1.9638	2.1161	-3.946
Itga6	Ccr7	163	3.6236	0.95214	2.1161	-3.946
Itgam	Ccr7	778	2.6857	-8.7568	2.1161	-3.946
Itgb1	Ccr7	396	1.075	2.3607	2.1161	-3.946
Itgb2	Ccr7	351	2.6682	-5.1088	2.1161	-3.946
Kit	Ccr7	451	4.101	0.7569899999999999	2.1161	-3.946
Nt5e	Ccr7	329	2.3859	-3.147	2.1161	-3.946
Ptprc	Ccr7	855	3.9704	-2.8994	2.1161	-3.946
Pvrl2	Ccr7	244	4.3138	1.421	2.1161	-3.946
Selp	Ccr7	553	0.0	3.4014	2.1161	-3.946
Tek	Ccr7	175	1.1988	8.6851	2.1161	-3.946
Tgfb1	Ccr7	376	2.9286	0.044873	2.1161	-3.946
Tnf	Ccr7	801	3.7681	-3.7786	2.1161	-3.946
Vcam1	Ccr7	173	4.8533	-2.634	2.1161	-3.946
Alcam	Cd34	334	5.5683	-3.5519	1.6716	6.8229
B2m	Cd34	216	2.7299	1.6164	1.6716	6.8229
Ceacam1	Cd34	168	0.87544	3.3702	1.6716	6.8229
Cxcl12	Cd34	467	1.5265	1.4406	1.6716	6.8229
Cxcr4	Cd34	271	1.1729	2.7818	1.6716	6.8229
Icam1	Cd34	275	4.1105	0.8755700000000001	1.6716	6.8229
Il6	Cd34	228	0.0	2.4959	1.6716	6.8229
Itga4	Cd34	307	1.2682	6.8898	1.6716	6.8229
Itga5	Cd34	341	2.8	1.9638	1.6716	6.8229
Itgam	Cd34	408	2.6857	-8.7568	1.6716	6.8229
Itgav	Cd34	173	3.7384	-2.1728	1.6716	6.8229
Itgb1	Cd34	461	1.075	2.3607	1.6716	6.8229
Itgb2	Cd34	210	2.6682	-5.1088	1.6716	6.8229
Kit	Cd34	648	4.101	0.7569899999999999	1.6716	6.8229
Nt5e	Cd34	458	2.3859	-3.147	1.6716	6.8229
Pdgfra	Cd34	455	9.6849	-8.1844	1.6716	6.8229
Ptprc	Cd34	646	3.9704	-2.8994	1.6716	6.8229
Selp	Cd34	209	0.0	3.4014	1.6716	6.8229
Tek	Cd34	243	1.1988	8.6851	1.6716	6.8229
Tgfb1	Cd34	207	2.9286	0.044873	1.6716	6.8229
Tnf	Cd34	218	3.7681	-3.7786	1.6716	6.8229
Vcam1	Cd34	221	4.8533	-2.634	1.6716	6.8229
Alcam	Cdh13	161	5.5683	-3.5519	3.6353	-3.1932
Clstn1	Cdh13	213	1.5183	-2.3804	3.6353	-3.1932
Itga6	Cdh13	182	3.6236	0.95214	3.6353	-3.1932
Itga7	Cdh13	155	1.5418	-2.0723	3.6353	-3.1932
Itgb1	Cdh13	156	1.075	2.3607	3.6353	-3.1932
Pdgfra	Cdh13	164	9.6849	-8.1844	3.6353	-3.1932
Tnf	Cdh13	239	3.7681	-3.7786	3.6353	-3.1932
Alcam	Cxcl12	326	5.5683	-3.5519	1.5265	1.4406
Anxa1	Cxcl12	901	2.6875	5.4665	1.5265	1.4406
B2m	Cxcl12	329	2.7299	1.6164	1.5265	1.4406
Ccr7	Cxcl12	983	2.1161	-3.946	1.5265	1.4406
Cd34	Cxcl12	467	1.6716	6.8229	1.5265	1.4406
Cxcr4	Cxcl12	999	1.1729	2.7818	1.5265	1.4406
Dpp4	Cxcl12	621	0.37096	6.2643	1.5265	1.4406
Icam1	Cxcl12	878	4.1105	0.8755700000000001	1.5265	1.4406
Il6	Cxcl12	753	0.0	2.4959	1.5265	1.4406
Itga4	Cxcl12	718	1.2682	6.8898	1.5265	1.4406
Itga5	Cxcl12	554	2.8	1.9638	1.5265	1.4406
Itga6	Cxcl12	237	3.6236	0.95214	1.5265	1.4406
Itgam	Cxcl12	629	2.6857	-8.7568	1.5265	1.4406
Itgav	Cxcl12	239	3.7384	-2.1728	1.5265	1.4406
Itgb1	Cxcl12	527	1.075	2.3607	1.5265	1.4406
Itgb2	Cxcl12	350	2.6682	-5.1088	1.5265	1.4406
Kit	Cxcl12	892	4.101	0.7569899999999999	1.5265	1.4406
Nt5e	Cxcl12	443	2.3859	-3.147	1.5265	1.4406
Pdgfra	Cxcl12	356	9.6849	-8.1844	1.5265	1.4406
Ptprc	Cxcl12	746	3.9704	-2.8994	1.5265	1.4406
Robo1	Cxcl12	203	5.3141	-3.4473	1.5265	1.4406
Selp	Cxcl12	551	0.0	3.4014	1.5265	1.4406
Shh	Cxcl12	749	3.5987	-2.0968	1.5265	1.4406
Tek	Cxcl12	609	1.1988	8.6851	1.5265	1.4406
Tgfb1	Cxcl12	426	2.9286	0.044873	1.5265	1.4406
Tnf	Cxcl12	648	3.7681	-3.7786	1.5265	1.4406
Vcam1	Cxcl12	424	4.8533	-2.634	1.5265	1.4406
Wnt4	Cxcl12	230	4.6537	-4.9194	1.5265	1.4406
Wnt7b	Cxcl12	215	4.6583	-6.6142	1.5265	1.4406
Alcam	Cxcr4	325	5.5683	-3.5519	1.1729	2.7818
Anxa1	Cxcr4	903	2.6875	5.4665	1.1729	2.7818
B2m	Cxcr4	218	2.7299	1.6164	1.1729	2.7818
Ccr7	Cxcr4	909	2.1161	-3.946	1.1729	2.7818
Cd34	Cxcr4	271	1.6716	6.8229	1.1729	2.7818
Cxcl12	Cxcr4	999	1.5265	1.4406	1.1729	2.7818
Dpp4	Cxcr4	538	0.37096	6.2643	1.1729	2.7818
Icam1	Cxcr4	354	4.1105	0.8755700000000001	1.1729	2.7818
Itga4	Cxcr4	609	1.2682	6.8898	1.1729	2.7818
Itga5	Cxcr4	528	2.8	1.9638	1.1729	2.7818
Itga6	Cxcr4	266	3.6236	0.95214	1.1729	2.7818
Itgam	Cxcr4	412	2.6857	-8.7568	1.1729	2.7818
Itgb1	Cxcr4	479	1.075	2.3607	1.1729	2.7818
Itgb2	Cxcr4	260	2.6682	-5.1088	1.1729	2.7818
Kit	Cxcr4	582	4.101	0.7569899999999999	1.1729	2.7818
Nt5e	Cxcr4	329	2.3859	-3.147	1.1729	2.7818
Ptprc	Cxcr4	601	3.9704	-2.8994	1.1729	2.7818
Selp	Cxcr4	254	0.0	3.4014	1.1729	2.7818
Tek	Cxcr4	255	1.1988	8.6851	1.1729	2.7818
Tgfb1	Cxcr4	203	2.9286	0.044873	1.1729	2.7818
Tnf	Cxcr4	870	3.7681	-3.7786	1.1729	2.7818
Alcam	Dpp4	279	5.5683	-3.5519	0.37096	6.2643
B2m	Dpp4	152	2.7299	1.6164	0.37096	6.2643
Ccr7	Dpp4	330	2.1161	-3.946	0.37096	6.2643
Cd1d1	Dpp4	151	2.0542	1.421	0.37096	6.2643
Cxcl12	Dpp4	621	1.5265	1.4406	0.37096	6.2643
Cxcr4	Dpp4	538	1.1729	2.7818	0.37096	6.2643
Icam1	Dpp4	356	4.1105	0.8755700000000001	0.37096	6.2643
Itga4	Dpp4	416	1.2682	6.8898	0.37096	6.2643
Itga5	Dpp4	353	2.8	1.9638	0.37096	6.2643
Itgam	Dpp4	412	2.6857	-8.7568	0.37096	6.2643
Itgav	Dpp4	223	3.7384	-2.1728	0.37096	6.2643
Itgb1	Dpp4	426	1.075	2.3607	0.37096	6.2643
Itgb2	Dpp4	163	2.6682	-5.1088	0.37096	6.2643
Kit	Dpp4	271	4.101	0.7569899999999999	0.37096	6.2643
Nt5e	Dpp4	572	2.3859	-3.147	0.37096	6.2643
Ptprc	Dpp4	749	3.9704	-2.8994	0.37096	6.2643
Selp	Dpp4	231	0.0	3.4014	0.37096	6.2643
Tek	Dpp4	167	1.1988	8.6851	0.37096	6.2643
Tgfb1	Dpp4	158	2.9286	0.044873	0.37096	6.2643
Tnf	Dpp4	561	3.7681	-3.7786	0.37096	6.2643
Alcam	Icam1	559	5.5683	-3.5519	4.1105	0.8755700000000001
Anxa1	Icam1	163	2.6875	5.4665	4.1105	0.8755700000000001
B2m	Icam1	945	2.7299	1.6164	4.1105	0.8755700000000001
Ccr7	Icam1	726	2.1161	-3.946	4.1105	0.8755700000000001
Cd1d1	Icam1	157	2.0542	1.421	4.1105	0.8755700000000001
Cd34	Icam1	275	1.6716	6.8229	4.1105	0.8755700000000001
Ceacam1	Icam1	330	0.87544	3.3702	4.1105	0.8755700000000001
Cxcl12	Icam1	878	1.5265	1.4406	4.1105	0.8755700000000001
Cxcr4	Icam1	354	1.1729	2.7818	4.1105	0.8755700000000001
Dpp4	Icam1	356	0.37096	6.2643	4.1105	0.8755700000000001
H2-DMa	Icam1	187	2.3922	-2.2565	4.1105	0.8755700000000001
Hspd1	Icam1	186	1.7191	-1.0076	4.1105	0.8755700000000001
Il15	Icam1	717	2.0042	3.0428	4.1105	0.8755700000000001
Il6	Icam1	848	0.0	2.4959	4.1105	0.8755700000000001
Itga4	Icam1	876	1.2682	6.8898	4.1105	0.8755700000000001
Itga5	Icam1	756	2.8	1.9638	4.1105	0.8755700000000001
Itga6	Icam1	490	3.6236	0.95214	4.1105	0.8755700000000001
Itgam	Icam1	998	2.6857	-8.7568	4.1105	0.8755700000000001
Itgav	Icam1	580	3.7384	-2.1728	4.1105	0.8755700000000001
Itgb1	Icam1	846	1.075	2.3607	4.1105	0.8755700000000001
Itgb2	Icam1	998	2.6682	-5.1088	4.1105	0.8755700000000001
Kit	Icam1	562	4.101	0.7569899999999999	4.1105	0.8755700000000001
L1cam	Icam1	175	3.4687	-5.7667	4.1105	0.8755700000000001
Nt5e	Icam1	589	2.3859	-3.147	4.1105	0.8755700000000001
Ptprc	Icam1	800	3.9704	-2.8994	4.1105	0.8755700000000001
Pvrl2	Icam1	302	4.3138	1.421	4.1105	0.8755700000000001
Selp	Icam1	863	0.0	3.4014	4.1105	0.8755700000000001
Tek	Icam1	557	1.1988	8.6851	4.1105	0.8755700000000001
Tgfb1	Icam1	826	2.9286	0.044873	4.1105	0.8755700000000001
Tnf	Icam1	979	3.7681	-3.7786	4.1105	0.8755700000000001
Vcam1	Icam1	990	4.8533	-2.634	4.1105	0.8755700000000001
Alcam	Itga4	481	5.5683	-3.5519	1.2682	6.8898
B2m	Itga4	396	2.7299	1.6164	1.2682	6.8898
Ccr7	Itga4	710	2.1161	-3.946	1.2682	6.8898
Cd34	Itga4	307	1.6716	6.8229	1.2682	6.8898
Ceacam1	Itga4	242	0.87544	3.3702	1.2682	6.8898
Cxcl12	Itga4	718	1.5265	1.4406	1.2682	6.8898
Cxcr4	Itga4	609	1.1729	2.7818	1.2682	6.8898
Dpp4	Itga4	416	0.37096	6.2643	1.2682	6.8898
Icam1	Itga4	876	4.1105	0.8755700000000001	1.2682	6.8898
Il7r	Itga4	179	3.0818	-3.38	1.2682	6.8898
Itga5	Itga4	538	2.8	1.9638	1.2682	6.8898
Itga6	Itga4	481	3.6236	0.95214	1.2682	6.8898
Itga7	Itga4	423	1.5418	-2.0723	1.2682	6.8898
Itgam	Itga4	553	2.6857	-8.7568	1.2682	6.8898
Itgav	Itga4	475	3.7384	-2.1728	1.2682	6.8898
Itgb1	Itga4	998	1.075	2.3607	1.2682	6.8898
Itgb2	Itga4	977	2.6682	-5.1088	1.2682	6.8898
Kit	Itga4	754	4.101	0.7569899999999999	1.2682	6.8898
Nt5e	Itga4	532	2.3859	-3.147	1.2682	6.8898
Pdgfra	Itga4	517	9.6849	-8.1844	1.2682	6.8898
Ptprc	Itga4	774	3.9704	-2.8994	1.2682	6.8898
Selp	Itga4	858	0.0	3.4014	1.2682	6.8898
Tek	Itga4	611	1.1988	8.6851	1.2682	6.8898
Tgfb1	Itga4	330	2.9286	0.044873	1.2682	6.8898
Tnf	Itga4	732	3.7681	-3.7786	1.2682	6.8898
Vcam1	Itga4	975	4.8533	-2.634	1.2682	6.8898
Alcam	Itga5	531	5.5683	-3.5519	2.8	1.9638
B2m	Itga5	235	2.7299	1.6164	2.8	1.9638
Ccr7	Itga5	309	2.1161	-3.946	2.8	1.9638
Cd34	Itga5	341	1.6716	6.8229	2.8	1.9638
Cxcl12	Itga5	554	1.5265	1.4406	2.8	1.9638
Cxcr4	Itga5	528	1.1729	2.7818	2.8	1.9638
Dpp4	Itga5	353	0.37096	6.2643	2.8	1.9638
Icam1	Itga5	756	4.1105	0.8755700000000001	2.8	1.9638
Il6	Itga5	217	0.0	2.4959	2.8	1.9638
Itga4	Itga5	538	1.2682	6.8898	2.8	1.9638
Itga6	Itga5	491	3.6236	0.95214	2.8	1.9638
Itga7	Itga5	807	1.5418	-2.0723	2.8	1.9638
Itgam	Itga5	507	2.6857	-8.7568	2.8	1.9638
Itgav	Itga5	390	3.7384	-2.1728	2.8	1.9638
Itgb1	Itga5	999	1.075	2.3607	2.8	1.9638
Itgb2	Itga5	961	2.6682	-5.1088	2.8	1.9638
Kit	Itga5	617	4.101	0.7569899999999999	2.8	1.9638
L1cam	Itga5	182	3.4687	-5.7667	2.8	1.9638
Nt5e	Itga5	562	2.3859	-3.147	2.8	1.9638
Pdgfra	Itga5	470	9.6849	-8.1844	2.8	1.9638
Ptprc	Itga5	652	3.9704	-2.8994	2.8	1.9638
Selp	Itga5	551	0.0	3.4014	2.8	1.9638
Tek	Itga5	690	1.1988	8.6851	2.8	1.9638
Tgfb1	Itga5	406	2.9286	0.044873	2.8	1.9638
Tnf	Itga5	621	3.7681	-3.7786	2.8	1.9638
Vcam1	Itga5	583	4.8533	-2.634	2.8	1.9638
Alcam	Itga6	528	5.5683	-3.5519	3.6236	0.95214
Ccr7	Itga6	163	2.1161	-3.946	3.6236	0.95214
Cdh13	Itga6	182	3.6353	-3.1932	3.6236	0.95214
Cxcl12	Itga6	237	1.5265	1.4406	3.6236	0.95214
Cxcr4	Itga6	266	1.1729	2.7818	3.6236	0.95214
Icam1	Itga6	490	4.1105	0.8755700000000001	3.6236	0.95214
Itga4	Itga6	481	1.2682	6.8898	3.6236	0.95214
Itga5	Itga6	491	2.8	1.9638	3.6236	0.95214
Itga7	Itga6	959	1.5418	-2.0723	3.6236	0.95214
Itgam	Itga6	433	2.6857	-8.7568	3.6236	0.95214
Itgav	Itga6	766	3.7384	-2.1728	3.6236	0.95214
Itgb1	Itga6	998	1.075	2.3607	3.6236	0.95214
Itgb2	Itga6	895	2.6682	-5.1088	3.6236	0.95214
Kit	Itga6	566	4.101	0.7569899999999999	3.6236	0.95214
Nt5e	Itga6	328	2.3859	-3.147	3.6236	0.95214
Pdgfra	Itga6	535	9.6849	-8.1844	3.6236	0.95214
Ptprc	Itga6	809	3.9704	-2.8994	3.6236	0.95214
Selp	Itga6	271	0.0	3.4014	3.6236	0.95214
Tek	Itga6	482	1.1988	8.6851	3.6236	0.95214
Tnf	Itga6	179	3.7681	-3.7786	3.6236	0.95214
Vcam1	Itga6	488	4.8533	-2.634	3.6236	0.95214
Alcam	Itga7	170	5.5683	-3.5519	1.5418	-2.0723
Cdh13	Itga7	155	3.6353	-3.1932	1.5418	-2.0723
Itga4	Itga7	423	1.2682	6.8898	1.5418	-2.0723
Itga5	Itga7	807	2.8	1.9638	1.5418	-2.0723
Itga6	Itga7	959	3.6236	0.95214	1.5418	-2.0723
Itgam	Itga7	393	2.6857	-8.7568	1.5418	-2.0723
Itgav	Itga7	913	3.7384	-2.1728	1.5418	-2.0723
Itgb1	Itga7	996	1.075	2.3607	1.5418	-2.0723
Itgb2	Itga7	915	2.6682	-5.1088	1.5418	-2.0723
Kit	Itga7	157	4.101	0.7569899999999999	1.5418	-2.0723
Pdgfra	Itga7	197	9.6849	-8.1844	1.5418	-2.0723
Ptprc	Itga7	197	3.9704	-2.8994	1.5418	-2.0723
Alcam	Itgam	394	5.5683	-3.5519	2.6857	-8.7568
Anxa1	Itgam	191	2.6875	5.4665	2.6857	-8.7568
B2m	Itgam	639	2.7299	1.6164	2.6857	-8.7568
Ccr7	Itgam	778	2.1161	-3.946	2.6857	-8.7568
Cd1d1	Itgam	313	2.0542	1.421	2.6857	-8.7568
Cd34	Itgam	408	1.6716	6.8229	2.6857	-8.7568
Ceacam1	Itgam	436	0.87544	3.3702	2.6857	-8.7568
Cxcl12	Itgam	629	1.5265	1.4406	2.6857	-8.7568
Cxcr4	Itgam	412	1.1729	2.7818	2.6857	-8.7568
Dpp4	Itgam	412	0.37096	6.2643	2.6857	-8.7568
Fcer1g	Itgam	468	2.2087	-7.6618	2.6857	-8.7568
Icam1	Itgam	998	4.1105	0.8755700000000001	2.6857	-8.7568
Il15	Itgam	211	2.0042	3.0428	2.6857	-8.7568
Il6	Itgam	549	0.0	2.4959	2.6857	-8.7568
Il7r	Itgam	233	3.0818	-3.38	2.6857	-8.7568
Itga4	Itgam	553	1.2682	6.8898	2.6857	-8.7568
Itga5	Itgam	507	2.8	1.9638	2.6857	-8.7568
Itga6	Itgam	433	3.6236	0.95214	2.6857	-8.7568
Itga7	Itgam	393	1.5418	-2.0723	2.6857	-8.7568
Itgav	Itgam	482	3.7384	-2.1728	2.6857	-8.7568
Itgb1	Itgam	919	1.075	2.3607	2.6857	-8.7568
Itgb2	Itgam	998	2.6682	-5.1088	2.6857	-8.7568
Kit	Itgam	863	4.101	0.7569899999999999	2.6857	-8.7568
Nt5e	Itgam	711	2.3859	-3.147	2.6857	-8.7568
Pdgfra	Itgam	506	9.6849	-8.1844	2.6857	-8.7568
Ptprc	Itgam	947	3.9704	-2.8994	2.6857	-8.7568
Pvrl2	Itgam	218	4.3138	1.421	2.6857	-8.7568
Selp	Itgam	931	0.0	3.4014	2.6857	-8.7568
Tek	Itgam	622	1.1988	8.6851	2.6857	-8.7568
Tgfb1	Itgam	530	2.9286	0.044873	2.6857	-8.7568
Tnf	Itgam	974	3.7681	-3.7786	2.6857	-8.7568
Vcam1	Itgam	810	4.8533	-2.634	2.6857	-8.7568
Alcam	Itgav	309	5.5683	-3.5519	3.7384	-2.1728
Anxa1	Itgav	156	2.6875	5.4665	3.7384	-2.1728
Cd34	Itgav	173	1.6716	6.8229	3.7384	-2.1728
Ceacam1	Itgav	183	0.87544	3.3702	3.7384	-2.1728
Cxadr	Itgav	157	7.0005	-3.6972	3.7384	-2.1728
Cxcl12	Itgav	239	1.5265	1.4406	3.7384	-2.1728
Dpp4	Itgav	223	0.37096	6.2643	3.7384	-2.1728
Icam1	Itgav	580	4.1105	0.8755700000000001	3.7384	-2.1728
Itga4	Itgav	475	1.2682	6.8898	3.7384	-2.1728
Itga5	Itgav	390	2.8	1.9638	3.7384	-2.1728
Itga6	Itgav	766	3.6236	0.95214	3.7384	-2.1728
Itga7	Itgav	913	1.5418	-2.0723	3.7384	-2.1728
Itgam	Itgav	482	2.6857	-8.7568	3.7384	-2.1728
Itgb1	Itgav	998	1.075	2.3607	3.7384	-2.1728
Itgb2	Itgav	908	2.6682	-5.1088	3.7384	-2.1728
Kit	Itgav	430	4.101	0.7569899999999999	3.7384	-2.1728
L1cam	Itgav	156	3.4687	-5.7667	3.7384	-2.1728
Nt5e	Itgav	353	2.3859	-3.147	3.7384	-2.1728
Pdgfra	Itgav	493	9.6849	-8.1844	3.7384	-2.1728
Ptprc	Itgav	530	3.9704	-2.8994	3.7384	-2.1728
Selp	Itgav	270	0.0	3.4014	3.7384	-2.1728
Tek	Itgav	597	1.1988	8.6851	3.7384	-2.1728
Tgfb1	Itgav	256	2.9286	0.044873	3.7384	-2.1728
Tnf	Itgav	323	3.7681	-3.7786	3.7384	-2.1728
Vcam1	Itgav	488	4.8533	-2.634	3.7384	-2.1728
Alcam	Itgb1	858	5.5683	-3.5519	1.075	2.3607
Anxa1	Itgb1	343	2.6875	5.4665	1.075	2.3607
B2m	Itgb1	353	2.7299	1.6164	1.075	2.3607
Ccr7	Itgb1	396	2.1161	-3.946	1.075	2.3607
Cd34	Itgb1	461	1.6716	6.8229	1.075	2.3607
Cdh13	Itgb1	156	3.6353	-3.1932	1.075	2.3607
Ceacam1	Itgb1	177	0.87544	3.3702	1.075	2.3607
Cxcl12	Itgb1	527	1.5265	1.4406	1.075	2.3607
Cxcr4	Itgb1	479	1.1729	2.7818	1.075	2.3607
Dpp4	Itgb1	426	0.37096	6.2643	1.075	2.3607
Fcer1g	Itgb1	177	2.2087	-7.6618	1.075	2.3607
Hspd1	Itgb1	496	1.7191	-1.0076	1.075	2.3607
Icam1	Itgb1	846	4.1105	0.8755700000000001	1.075	2.3607
Il6	Itgb1	155	0.0	2.4959	1.075	2.3607
Itga4	Itgb1	998	1.2682	6.8898	1.075	2.3607
Itga5	Itgb1	999	2.8	1.9638	1.075	2.3607
Itga6	Itgb1	998	3.6236	0.95214	1.075	2.3607
Itga7	Itgb1	996	1.5418	-2.0723	1.075	2.3607
Itgam	Itgb1	919	2.6857	-8.7568	1.075	2.3607
Itgav	Itgb1	998	3.7384	-2.1728	1.075	2.3607
Itgb2	Itgb1	672	2.6682	-5.1088	1.075	2.3607
Kit	Itgb1	722	4.101	0.7569899999999999	1.075	2.3607
L1cam	Itgb1	174	3.4687	-5.7667	1.075	2.3607
Nt5e	Itgb1	878	2.3859	-3.147	1.075	2.3607
Pdgfra	Itgb1	609	9.6849	-8.1844	1.075	2.3607
Ptprc	Itgb1	942	3.9704	-2.8994	1.075	2.3607
Pvrl2	Itgb1	158	4.3138	1.421	1.075	2.3607
Selp	Itgb1	770	0.0	3.4014	1.075	2.3607
Shh	Itgb1	224	3.5987	-2.0968	1.075	2.3607
Tek	Itgb1	762	1.1988	8.6851	1.075	2.3607
Tgfb1	Itgb1	557	2.9286	0.044873	1.075	2.3607
Tnf	Itgb1	602	3.7681	-3.7786	1.075	2.3607
Vcam1	Itgb1	978	4.8533	-2.634	1.075	2.3607
Wnt4	Itgb1	182	4.6537	-4.9194	1.075	2.3607
Alcam	Kit	595	5.5683	-3.5519	4.101	0.7569899999999999
B2m	Kit	606	2.7299	1.6164	4.101	0.7569899999999999
Ccr7	Kit	451	2.1161	-3.946	4.101	0.7569899999999999
Cd34	Kit	648	1.6716	6.8229	4.101	0.7569899999999999
Cxcl12	Kit	892	1.5265	1.4406	4.101	0.7569899999999999
Cxcr4	Kit	582	1.1729	2.7818	4.101	0.7569899999999999
Dpp4	Kit	271	0.37096	6.2643	4.101	0.7569899999999999
Icam1	Kit	562	4.1105	0.8755700000000001	4.101	0.7569899999999999
Il6	Kit	486	0.0	2.4959	4.101	0.7569899999999999
Il7r	Kit	371	3.0818	-3.38	4.101	0.7569899999999999
Itga4	Kit	754	1.2682	6.8898	4.101	0.7569899999999999
Itga5	Kit	617	2.8	1.9638	4.101	0.7569899999999999
Itga6	Kit	566	3.6236	0.95214	4.101	0.7569899999999999
Itga7	Kit	157	1.5418	-2.0723	4.101	0.7569899999999999
Itgam	Kit	863	2.6857	-8.7568	4.101	0.7569899999999999
Itgav	Kit	430	3.7384	-2.1728	4.101	0.7569899999999999
Itgb1	Kit	722	1.075	2.3607	4.101	0.7569899999999999
Itgb2	Kit	286	2.6682	-5.1088	4.101	0.7569899999999999
L1cam	Kit	212	3.4687	-5.7667	4.101	0.7569899999999999
Lrp6	Kit	201	3.1102	0.012135	4.101	0.7569899999999999
Nt5e	Kit	650	2.3859	-3.147	4.101	0.7569899999999999
Pdgfra	Kit	264	9.6849	-8.1844	4.101	0.7569899999999999
Ptprc	Kit	910	3.9704	-2.8994	4.101	0.7569899999999999
Ptprt	Kit	173	5.3064	-5.8785	4.101	0.7569899999999999
Pvrl2	Kit	212	4.3138	1.421	4.101	0.7569899999999999
Robo1	Kit	150	5.3141	-3.4473	4.101	0.7569899999999999
Selp	Kit	457	0.0	3.4014	4.101	0.7569899999999999
Shh	Kit	298	3.5987	-2.0968	4.101	0.7569899999999999
Tek	Kit	413	1.1988	8.6851	4.101	0.7569899999999999
Tgfb1	Kit	509	2.9286	0.044873	4.101	0.7569899999999999
Tnf	Kit	650	3.7681	-3.7786	4.101	0.7569899999999999
Vcam1	Kit	209	4.8533	-2.634	4.101	0.7569899999999999
Wnt4	Kit	393	4.6537	-4.9194	4.101	0.7569899999999999
Wnt7b	Kit	218	4.6583	-6.6142	4.101	0.7569899999999999
Alcam	L1cam	927	5.5683	-3.5519	3.4687	-5.7667
Clstn1	L1cam	472	1.5183	-2.3804	3.4687	-5.7667
Icam1	L1cam	175	4.1105	0.8755700000000001	3.4687	-5.7667
Itga5	L1cam	182	2.8	1.9638	3.4687	-5.7667
Itgav	L1cam	156	3.7384	-2.1728	3.4687	-5.7667
Itgb1	L1cam	174	1.075	2.3607	3.4687	-5.7667
Kit	L1cam	212	4.101	0.7569899999999999	3.4687	-5.7667
Nlgn1	L1cam	247	4.1507	-6.4236	3.4687	-5.7667
Nlgn2	L1cam	247	2.5491	-4.4952	3.4687	-5.7667
Nlgn3	L1cam	247	2.8952	-6.8433	3.4687	-5.7667
Ptprc	L1cam	200	3.9704	-2.8994	3.4687	-5.7667
Tek	L1cam	175	1.1988	8.6851	3.4687	-5.7667
Alcam	Nt5e	889	5.5683	-3.5519	2.3859	-3.147
B2m	Nt5e	309	2.7299	1.6164	2.3859	-3.147
Ccr7	Nt5e	329	2.1161	-3.946	2.3859	-3.147
Cd34	Nt5e	458	1.6716	6.8229	2.3859	-3.147
Cd48	Nt5e	269	2.0185	-3.716	2.3859	-3.147
Cxcl12	Nt5e	443	1.5265	1.4406	2.3859	-3.147
Cxcr4	Nt5e	329	1.1729	2.7818	2.3859	-3.147
Dpp4	Nt5e	572	0.37096	6.2643	2.3859	-3.147
Icam1	Nt5e	589	4.1105	0.8755700000000001	2.3859	-3.147
Il7r	Nt5e	179	3.0818	-3.38	2.3859	-3.147
Itga4	Nt5e	532	1.2682	6.8898	2.3859	-3.147
Itga5	Nt5e	562	2.8	1.9638	2.3859	-3.147
Itga6	Nt5e	328	3.6236	0.95214	2.3859	-3.147
Itgam	Nt5e	711	2.6857	-8.7568	2.3859	-3.147
Itgav	Nt5e	353	3.7384	-2.1728	2.3859	-3.147
Itgb1	Nt5e	878	1.075	2.3607	2.3859	-3.147
Itgb2	Nt5e	192	2.6682	-5.1088	2.3859	-3.147
Kit	Nt5e	650	4.101	0.7569899999999999	2.3859	-3.147
Pdgfra	Nt5e	329	9.6849	-8.1844	2.3859	-3.147
Ptprc	Nt5e	886	3.9704	-2.8994	2.3859	-3.147
Selp	Nt5e	329	0.0	3.4014	2.3859	-3.147
Tek	Nt5e	392	1.1988	8.6851	2.3859	-3.147
Tgfb1	Nt5e	329	2.9286	0.044873	2.3859	-3.147
Tnf	Nt5e	472	3.7681	-3.7786	2.3859	-3.147
Wnt4	Nt5e	152	4.6537	-4.9194	2.3859	-3.147
Alcam	Pdgfra	239	5.5683	-3.5519	9.6849	-8.1844
Anxa1	Pdgfra	156	2.6875	5.4665	9.6849	-8.1844
B2m	Pdgfra	173	2.7299	1.6164	9.6849	-8.1844
Cd34	Pdgfra	455	1.6716	6.8229	9.6849	-8.1844
Cdh13	Pdgfra	164	3.6353	-3.1932	9.6849	-8.1844
Cxcl12	Pdgfra	356	1.5265	1.4406	9.6849	-8.1844
Ephb6	Pdgfra	302	2.9815	-5.7835	9.6849	-8.1844
Il6	Pdgfra	518	0.0	2.4959	9.6849	-8.1844
Itga4	Pdgfra	517	1.2682	6.8898	9.6849	-8.1844
Itga5	Pdgfra	470	2.8	1.9638	9.6849	-8.1844
Itga6	Pdgfra	535	3.6236	0.95214	9.6849	-8.1844
Itga7	Pdgfra	197	1.5418	-2.0723	9.6849	-8.1844
Itgam	Pdgfra	506	2.6857	-8.7568	9.6849	-8.1844
Itgav	Pdgfra	493	3.7384	-2.1728	9.6849	-8.1844
Itgb1	Pdgfra	609	1.075	2.3607	9.6849	-8.1844
Itgb2	Pdgfra	462	2.6682	-5.1088	9.6849	-8.1844
Kit	Pdgfra	264	4.101	0.7569899999999999	9.6849	-8.1844
Lrp6	Pdgfra	214	3.1102	0.012135	9.6849	-8.1844
Nt5e	Pdgfra	329	2.3859	-3.147	9.6849	-8.1844
Ptprc	Pdgfra	470	3.9704	-2.8994	9.6849	-8.1844
Robo1	Pdgfra	157	5.3141	-3.4473	9.6849	-8.1844
Shh	Pdgfra	217	3.5987	-2.0968	9.6849	-8.1844
Tgfb1	Pdgfra	773	2.9286	0.044873	9.6849	-8.1844
Tnf	Pdgfra	235	3.7681	-3.7786	9.6849	-8.1844
Vcam1	Pdgfra	203	4.8533	-2.634	9.6849	-8.1844
Wnt4	Pdgfra	324	4.6537	-4.9194	9.6849	-8.1844
Wnt7b	Pdgfra	203	4.6583	-6.6142	9.6849	-8.1844
Alcam	Ptprc	787	5.5683	-3.5519	3.9704	-2.8994
Anxa1	Ptprc	209	2.6875	5.4665	3.9704	-2.8994
B2m	Ptprc	782	2.7299	1.6164	3.9704	-2.8994
Ccr7	Ptprc	855	2.1161	-3.946	3.9704	-2.8994
Cd1d1	Ptprc	405	2.0542	1.421	3.9704	-2.8994
Cd34	Ptprc	646	1.6716	6.8229	3.9704	-2.8994
Cd48	Ptprc	741	2.0185	-3.716	3.9704	-2.8994
Ceacam1	Ptprc	272	0.87544	3.3702	3.9704	-2.8994
Cxcl12	Ptprc	746	1.5265	1.4406	3.9704	-2.8994
Cxcr4	Ptprc	601	1.1729	2.7818	3.9704	-2.8994
Dpp4	Ptprc	749	0.37096	6.2643	3.9704	-2.8994
Ephb6	Ptprc	243	2.9815	-5.7835	3.9704	-2.8994
Fcer1g	Ptprc	579	2.2087	-7.6618	3.9704	-2.8994
H2-DMa	Ptprc	263	2.3922	-2.2565	3.9704	-2.8994
Icam1	Ptprc	800	4.1105	0.8755700000000001	3.9704	-2.8994
Il15	Ptprc	159	2.0042	3.0428	3.9704	-2.8994
Il6	Ptprc	748	0.0	2.4959	3.9704	-2.8994
Il7r	Ptprc	677	3.0818	-3.38	3.9704	-2.8994
Itga4	Ptprc	774	1.2682	6.8898	3.9704	-2.8994
Itga5	Ptprc	652	2.8	1.9638	3.9704	-2.8994
Itga6	Ptprc	809	3.6236	0.95214	3.9704	-2.8994
Itga7	Ptprc	197	1.5418	-2.0723	3.9704	-2.8994
Itgam	Ptprc	947	2.6857	-8.7568	3.9704	-2.8994
Itgav	Ptprc	530	3.7384	-2.1728	3.9704	-2.8994
Itgb1	Ptprc	942	1.075	2.3607	3.9704	-2.8994
Itgb2	Ptprc	890	2.6682	-5.1088	3.9704	-2.8994
Kit	Ptprc	910	4.101	0.7569899999999999	3.9704	-2.8994
L1cam	Ptprc	200	3.4687	-5.7667	3.9704	-2.8994
Nt5e	Ptprc	886	2.3859	-3.147	3.9704	-2.8994
Pdgfra	Ptprc	470	9.6849	-8.1844	3.9704	-2.8994
Ptprt	Ptprc	179	5.3064	-5.8785	3.9704	-2.8994
Pvrl2	Ptprc	258	4.3138	1.421	3.9704	-2.8994
Robo1	Ptprc	235	5.3141	-3.4473	3.9704	-2.8994
Selp	Ptprc	649	0.0	3.4014	3.9704	-2.8994
Shh	Ptprc	250	3.5987	-2.0968	3.9704	-2.8994
Tek	Ptprc	748	1.1988	8.6851	3.9704	-2.8994
Tgfb1	Ptprc	531	2.9286	0.044873	3.9704	-2.8994
Tnf	Ptprc	860	3.7681	-3.7786	3.9704	-2.8994
Vcam1	Ptprc	516	4.8533	-2.634	3.9704	-2.8994
Wnt4	Ptprc	247	4.6537	-4.9194	3.9704	-2.8994
Wnt7b	Ptprc	195	4.6583	-6.6142	3.9704	-2.8994
Alcam	Robo1	209	5.5683	-3.5519	5.3141	-3.4473
Cxcl12	Robo1	203	1.5265	1.4406	5.3141	-3.4473
Ephb6	Robo1	285	2.9815	-5.7835	5.3141	-3.4473
Kit	Robo1	150	4.101	0.7569899999999999	5.3141	-3.4473
Nlgn3	Robo1	152	2.8952	-6.8433	5.3141	-3.4473
Pdgfra	Robo1	157	9.6849	-8.1844	5.3141	-3.4473
Ptprc	Robo1	235	3.9704	-2.8994	5.3141	-3.4473
Shh	Robo1	733	3.5987	-2.0968	5.3141	-3.4473
Tek	Robo1	201	1.1988	8.6851	5.3141	-3.4473
Unc5d	Robo1	157	1.8884	-2.3653	5.3141	-3.4473
Wnt4	Robo1	182	4.6537	-4.9194	5.3141	-3.4473
Wnt7b	Robo1	187	4.6583	-6.6142	5.3141	-3.4473
Alcam	Selp	157	5.5683	-3.5519	0.0	3.4014
B2m	Selp	491	2.7299	1.6164	0.0	3.4014
Ccr7	Selp	553	2.1161	-3.946	0.0	3.4014
Cd34	Selp	209	1.6716	6.8229	0.0	3.4014
Ceacam1	Selp	179	0.87544	3.3702	0.0	3.4014
Cxcl12	Selp	551	1.5265	1.4406	0.0	3.4014
Cxcr4	Selp	254	1.1729	2.7818	0.0	3.4014
Dpp4	Selp	231	0.37096	6.2643	0.0	3.4014
Fcer1g	Selp	353	2.2087	-7.6618	0.0	3.4014
Icam1	Selp	863	4.1105	0.8755700000000001	0.0	3.4014
Il6	Selp	265	0.0	2.4959	0.0	3.4014
Itga4	Selp	858	1.2682	6.8898	0.0	3.4014
Itga5	Selp	551	2.8	1.9638	0.0	3.4014
Itga6	Selp	271	3.6236	0.95214	0.0	3.4014
Itgam	Selp	931	2.6857	-8.7568	0.0	3.4014
Itgav	Selp	270	3.7384	-2.1728	0.0	3.4014
Itgb1	Selp	770	1.075	2.3607	0.0	3.4014
Itgb2	Selp	887	2.6682	-5.1088	0.0	3.4014
Kit	Selp	457	4.101	0.7569899999999999	0.0	3.4014
Nt5e	Selp	329	2.3859	-3.147	0.0	3.4014
Ptprc	Selp	649	3.9704	-2.8994	0.0	3.4014
Tek	Selp	526	1.1988	8.6851	0.0	3.4014
Tgfb1	Selp	351	2.9286	0.044873	0.0	3.4014
Tnf	Selp	964	3.7681	-3.7786	0.0	3.4014
Vcam1	Selp	375	4.8533	-2.634	0.0	3.4014
Alcam	Shh	163	5.5683	-3.5519	3.5987	-2.0968
Boc	Shh	983	4.4979	-0.18598	3.5987	-2.0968
Cxcl12	Shh	749	1.5265	1.4406	3.5987	-2.0968
Itgb1	Shh	224	1.075	2.3607	3.5987	-2.0968
Kit	Shh	298	4.101	0.7569899999999999	3.5987	-2.0968
Lrp6	Shh	357	3.1102	0.012135	3.5987	-2.0968
Pdgfra	Shh	217	9.6849	-8.1844	3.5987	-2.0968
Pkd1	Shh	158	1.5786	-0.62536	3.5987	-2.0968
Ptprc	Shh	250	3.9704	-2.8994	3.5987	-2.0968
Robo1	Shh	733	5.3141	-3.4473	3.5987	-2.0968
Tek	Shh	246	1.1988	8.6851	3.5987	-2.0968
Tgfb1	Shh	446	2.9286	0.044873	3.5987	-2.0968
Tnf	Shh	158	3.7681	-3.7786	3.5987	-2.0968
Wnt4	Shh	808	4.6537	-4.9194	3.5987	-2.0968
Wnt7b	Shh	828	4.6583	-6.6142	3.5987	-2.0968
Alcam	Tek	204	5.5683	-3.5519	1.1988	8.6851
B2m	Tek	351	2.7299	1.6164	1.1988	8.6851
Ccr7	Tek	175	2.1161	-3.946	1.1988	8.6851
Cd34	Tek	243	1.6716	6.8229	1.1988	8.6851
Cxcl12	Tek	609	1.5265	1.4406	1.1988	8.6851
Cxcr4	Tek	255	1.1729	2.7818	1.1988	8.6851
Dpp4	Tek	167	0.37096	6.2643	1.1988	8.6851
Hspd1	Tek	151	1.7191	-1.0076	1.1988	8.6851
Icam1	Tek	557	4.1105	0.8755700000000001	1.1988	8.6851
Il6	Tek	199	0.0	2.4959	1.1988	8.6851
Itga4	Tek	611	1.2682	6.8898	1.1988	8.6851
Itga5	Tek	690	2.8	1.9638	1.1988	8.6851
Itga6	Tek	482	3.6236	0.95214	1.1988	8.6851
Itgam	Tek	622	2.6857	-8.7568	1.1988	8.6851
Itgav	Tek	597	3.7384	-2.1728	1.1988	8.6851
Itgb1	Tek	762	1.075	2.3607	1.1988	8.6851
Itgb2	Tek	480	2.6682	-5.1088	1.1988	8.6851
Kit	Tek	413	4.101	0.7569899999999999	1.1988	8.6851
L1cam	Tek	175	3.4687	-5.7667	1.1988	8.6851
Lrp6	Tek	657	3.1102	0.012135	1.1988	8.6851
Nt5e	Tek	392	2.3859	-3.147	1.1988	8.6851
Ptprc	Tek	748	3.9704	-2.8994	1.1988	8.6851
Robo1	Tek	201	5.3141	-3.4473	1.1988	8.6851
Selp	Tek	526	0.0	3.4014	1.1988	8.6851
Shh	Tek	246	3.5987	-2.0968	1.1988	8.6851
Tgfb1	Tek	459	2.9286	0.044873	1.1988	8.6851
Tnf	Tek	597	3.7681	-3.7786	1.1988	8.6851
Vcam1	Tek	210	4.8533	-2.634	1.1988	8.6851
Wnt4	Tek	249	4.6537	-4.9194	1.1988	8.6851
Wnt7b	Tek	363	4.6583	-6.6142	1.1988	8.6851
Alcam	Tgfb1	201	5.5683	-3.5519	2.9286	0.044873
B2m	Tgfb1	330	2.7299	1.6164	2.9286	0.044873
Ccr7	Tgfb1	376	2.1161	-3.946	2.9286	0.044873
Cd34	Tgfb1	207	1.6716	6.8229	2.9286	0.044873
Cxcl12	Tgfb1	426	1.5265	1.4406	2.9286	0.044873
Cxcr4	Tgfb1	203	1.1729	2.7818	2.9286	0.044873
Dpp4	Tgfb1	158	0.37096	6.2643	2.9286	0.044873
Ephb6	Tgfb1	168	2.9815	-5.7835	2.9286	0.044873
Fcer1g	Tgfb1	205	2.2087	-7.6618	2.9286	0.044873
Icam1	Tgfb1	826	4.1105	0.8755700000000001	2.9286	0.044873
Il15	Tgfb1	483	2.0042	3.0428	2.9286	0.044873
Il6	Tgfb1	804	0.0	2.4959	2.9286	0.044873
Il7r	Tgfb1	199	3.0818	-3.38	2.9286	0.044873
Itga4	Tgfb1	330	1.2682	6.8898	2.9286	0.044873
Itga5	Tgfb1	406	2.8	1.9638	2.9286	0.044873
Itgam	Tgfb1	530	2.6857	-8.7568	2.9286	0.044873
Itgav	Tgfb1	256	3.7384	-2.1728	2.9286	0.044873
Itgb1	Tgfb1	557	1.075	2.3607	2.9286	0.044873
Itgb2	Tgfb1	362	2.6682	-5.1088	2.9286	0.044873
Kit	Tgfb1	509	4.101	0.7569899999999999	2.9286	0.044873
Lrp6	Tgfb1	245	3.1102	0.012135	2.9286	0.044873
Nt5e	Tgfb1	329	2.3859	-3.147	2.9286	0.044873
Pdgfra	Tgfb1	773	9.6849	-8.1844	2.9286	0.044873
Ptprc	Tgfb1	531	3.9704	-2.8994	2.9286	0.044873
Selp	Tgfb1	351	0.0	3.4014	2.9286	0.044873
Shh	Tgfb1	446	3.5987	-2.0968	2.9286	0.044873
Tek	Tgfb1	459	1.1988	8.6851	2.9286	0.044873
Tnf	Tgfb1	970	3.7681	-3.7786	2.9286	0.044873
Vcam1	Tgfb1	201	4.8533	-2.634	2.9286	0.044873
Wnt4	Tgfb1	422	4.6537	-4.9194	2.9286	0.044873
Wnt7b	Tgfb1	346	4.6583	-6.6142	2.9286	0.044873
Alcam	Tnf	309	5.5683	-3.5519	3.7681	-3.7786
Anxa1	Tnf	163	2.6875	5.4665	3.7681	-3.7786
B2m	Tnf	730	2.7299	1.6164	3.7681	-3.7786
Boc	Tnf	165	4.4979	-0.18598	3.7681	-3.7786
Ccr7	Tnf	801	2.1161	-3.946	3.7681	-3.7786
Cd1d1	Tnf	198	2.0542	1.421	3.7681	-3.7786
Cd34	Tnf	218	1.6716	6.8229	3.7681	-3.7786
Cdh13	Tnf	239	3.6353	-3.1932	3.7681	-3.7786
Ceacam1	Tnf	378	0.87544	3.3702	3.7681	-3.7786
Chrna7	Tnf	239	3.8716	-3.6704	3.7681	-3.7786
Cxcl12	Tnf	648	1.5265	1.4406	3.7681	-3.7786
Cxcr4	Tnf	870	1.1729	2.7818	3.7681	-3.7786
Dpp4	Tnf	561	0.37096	6.2643	3.7681	-3.7786
Fcer1g	Tnf	342	2.2087	-7.6618	3.7681	-3.7786
Hspd1	Tnf	280	1.7191	-1.0076	3.7681	-3.7786
Icam1	Tnf	979	4.1105	0.8755700000000001	3.7681	-3.7786
Il15	Tnf	273	2.0042	3.0428	3.7681	-3.7786
Il1rapl1	Tnf	156	2.5977	-3.3668	3.7681	-3.7786
Il6	Tnf	764	0.0	2.4959	3.7681	-3.7786
Il7r	Tnf	217	3.0818	-3.38	3.7681	-3.7786
Itga4	Tnf	732	1.2682	6.8898	3.7681	-3.7786
Itga5	Tnf	621	2.8	1.9638	3.7681	-3.7786
Itga6	Tnf	179	3.6236	0.95214	3.7681	-3.7786
Itgam	Tnf	974	2.6857	-8.7568	3.7681	-3.7786
Itgav	Tnf	323	3.7384	-2.1728	3.7681	-3.7786
Itgb1	Tnf	602	1.075	2.3607	3.7681	-3.7786
Itgb2	Tnf	636	2.6682	-5.1088	3.7681	-3.7786
Kit	Tnf	650	4.101	0.7569899999999999	3.7681	-3.7786
Lrp6	Tnf	202	3.1102	0.012135	3.7681	-3.7786
Nt5e	Tnf	472	2.3859	-3.147	3.7681	-3.7786
Pdgfra	Tnf	235	9.6849	-8.1844	3.7681	-3.7786
Ptprc	Tnf	860	3.9704	-2.8994	3.7681	-3.7786
Pvrl2	Tnf	332	4.3138	1.421	3.7681	-3.7786
Selp	Tnf	964	0.0	3.4014	3.7681	-3.7786
Shh	Tnf	158	3.5987	-2.0968	3.7681	-3.7786
Tek	Tnf	597	1.1988	8.6851	3.7681	-3.7786
Tgfb1	Tnf	970	2.9286	0.044873	3.7681	-3.7786
Vcam1	Tnf	566	4.8533	-2.634	3.7681	-3.7786
Wnt4	Tnf	171	4.6537	-4.9194	3.7681	-3.7786
Wnt7b	Tnf	175	4.6583	-6.6142	3.7681	-3.7786
Anxa1	Il6	705	2.6875	5.4665	0.0	2.4959
B2m	Il6	280	2.7299	1.6164	0.0	2.4959
Ccr7	Il6	728	2.1161	-3.946	0.0	2.4959
Cd34	Il6	228	1.6716	6.8229	0.0	2.4959
Cxcl12	Il6	753	1.5265	1.4406	0.0	2.4959
Icam1	Il6	848	4.1105	0.8755700000000001	0.0	2.4959
Il15	Il6	780	2.0042	3.0428	0.0	2.4959
Il7r	Il6	829	3.0818	-3.38	0.0	2.4959
Itga5	Il6	217	2.8	1.9638	0.0	2.4959
Itgam	Il6	549	2.6857	-8.7568	0.0	2.4959
Itgb1	Il6	155	1.075	2.3607	0.0	2.4959
Kit	Il6	486	4.101	0.7569899999999999	0.0	2.4959
Pdgfra	Il6	518	9.6849	-8.1844	0.0	2.4959
Ptprc	Il6	748	3.9704	-2.8994	0.0	2.4959
Selp	Il6	265	0.0	3.4014	0.0	2.4959
Tek	Il6	199	1.1988	8.6851	0.0	2.4959
Tgfb1	Il6	804	2.9286	0.044873	0.0	2.4959
Tnf	Il6	764	3.7681	-3.7786	0.0	2.4959
Vcam1	Il6	566	4.8533	-2.634	0.0	2.4959
Wnt4	Il6	181	4.6537	-4.9194	0.0	2.4959
Wnt7b	Il6	181	4.6583	-6.6142	0.0	2.4959
Anxa1	Itgb2	150	2.6875	5.4665	2.6682	-5.1088
B2m	Itgb2	324	2.7299	1.6164	2.6682	-5.1088
Ccr7	Itgb2	351	2.1161	-3.946	2.6682	-5.1088
Cd34	Itgb2	210	1.6716	6.8229	2.6682	-5.1088
Cd48	Itgb2	698	2.0185	-3.716	2.6682	-5.1088
Ceacam1	Itgb2	193	0.87544	3.3702	2.6682	-5.1088
Cxcl12	Itgb2	350	1.5265	1.4406	2.6682	-5.1088
Cxcr4	Itgb2	260	1.1729	2.7818	2.6682	-5.1088
Dpp4	Itgb2	163	0.37096	6.2643	2.6682	-5.1088
Fcer1g	Itgb2	703	2.2087	-7.6618	2.6682	-5.1088
H2-DMa	Itgb2	335	2.3922	-2.2565	2.6682	-5.1088
Hspd1	Itgb2	264	1.7191	-1.0076	2.6682	-5.1088
Icam1	Itgb2	998	4.1105	0.8755700000000001	2.6682	-5.1088
Il7r	Itgb2	331	3.0818	-3.38	2.6682	-5.1088
Itga4	Itgb2	977	1.2682	6.8898	2.6682	-5.1088
Itga5	Itgb2	961	2.8	1.9638	2.6682	-5.1088
Itga6	Itgb2	895	3.6236	0.95214	2.6682	-5.1088
Itga7	Itgb2	915	1.5418	-2.0723	2.6682	-5.1088
Itgam	Itgb2	998	2.6857	-8.7568	2.6682	-5.1088
Itgav	Itgb2	908	3.7384	-2.1728	2.6682	-5.1088
Itgb1	Itgb2	672	1.075	2.3607	2.6682	-5.1088
Kit	Itgb2	286	4.101	0.7569899999999999	2.6682	-5.1088
Nt5e	Itgb2	192	2.3859	-3.147	2.6682	-5.1088
Pdgfra	Itgb2	462	9.6849	-8.1844	2.6682	-5.1088
Ptprc	Itgb2	890	3.9704	-2.8994	2.6682	-5.1088
Pvrl2	Itgb2	193	4.3138	1.421	2.6682	-5.1088
Selp	Itgb2	887	0.0	3.4014	2.6682	-5.1088
Tek	Itgb2	480	1.1988	8.6851	2.6682	-5.1088
Tgfb1	Itgb2	362	2.9286	0.044873	2.6682	-5.1088
Tnf	Itgb2	636	3.7681	-3.7786	2.6682	-5.1088
Vcam1	Itgb2	798	4.8533	-2.634	2.6682	-5.1088
Astn1	Nlgn1	212	4.7152	-7.0794	4.1507	-6.4236
L1cam	Nlgn1	247	3.4687	-5.7667	4.1507	-6.4236
Astn1	Nlgn3	150	4.7152	-7.0794	2.8952	-6.8433
Il1rapl1	Nlgn3	233	2.5977	-3.3668	2.8952	-6.8433
L1cam	Nlgn3	247	3.4687	-5.7667	2.8952	-6.8433
Robo1	Nlgn3	152	5.3141	-3.4473	2.8952	-6.8433
B2m	Alcam	191	2.7299	1.6164	5.5683	-3.5519
Ccr7	Alcam	165	2.1161	-3.946	5.5683	-3.5519
Cd34	Alcam	334	1.6716	6.8229	5.5683	-3.5519
Cdh13	Alcam	161	3.6353	-3.1932	5.5683	-3.5519
Cxcl12	Alcam	326	1.5265	1.4406	5.5683	-3.5519
Cxcr4	Alcam	325	1.1729	2.7818	5.5683	-3.5519
Dpp4	Alcam	279	0.37096	6.2643	5.5683	-3.5519
Icam1	Alcam	559	4.1105	0.8755700000000001	5.5683	-3.5519
Itga4	Alcam	481	1.2682	6.8898	5.5683	-3.5519
Itga5	Alcam	531	2.8	1.9638	5.5683	-3.5519
Itga6	Alcam	528	3.6236	0.95214	5.5683	-3.5519
Itga7	Alcam	170	1.5418	-2.0723	5.5683	-3.5519
Itgam	Alcam	394	2.6857	-8.7568	5.5683	-3.5519
Itgav	Alcam	309	3.7384	-2.1728	5.5683	-3.5519
Itgb1	Alcam	858	1.075	2.3607	5.5683	-3.5519
Kit	Alcam	595	4.101	0.7569899999999999	5.5683	-3.5519
L1cam	Alcam	927	3.4687	-5.7667	5.5683	-3.5519
Nt5e	Alcam	889	2.3859	-3.147	5.5683	-3.5519
Pdgfra	Alcam	239	9.6849	-8.1844	5.5683	-3.5519
Ptprc	Alcam	787	3.9704	-2.8994	5.5683	-3.5519
Robo1	Alcam	209	5.3141	-3.4473	5.5683	-3.5519
Selp	Alcam	157	0.0	3.4014	5.5683	-3.5519
Shh	Alcam	163	3.5987	-2.0968	5.5683	-3.5519
Tek	Alcam	204	1.1988	8.6851	5.5683	-3.5519
Tgfb1	Alcam	201	2.9286	0.044873	5.5683	-3.5519
Tnf	Alcam	309	3.7681	-3.7786	5.5683	-3.5519
B2m	Cd1d1	993	2.7299	1.6164	2.0542	1.421
Dpp4	Cd1d1	151	0.37096	6.2643	2.0542	1.421
Icam1	Cd1d1	157	4.1105	0.8755700000000001	2.0542	1.421
Itgam	Cd1d1	313	2.6857	-8.7568	2.0542	1.421
Ptprc	Cd1d1	405	3.9704	-2.8994	2.0542	1.421
Tnf	Cd1d1	198	3.7681	-3.7786	2.0542	1.421
B2m	Cd48	246	2.7299	1.6164	2.0185	-3.716
Ccr7	Cd48	229	2.1161	-3.946	2.0185	-3.716
Fcer1g	Cd48	512	2.2087	-7.6618	2.0185	-3.716
H2-DMa	Cd48	355	2.3922	-2.2565	2.0185	-3.716
Il7r	Cd48	382	3.0818	-3.38	2.0185	-3.716
Itgb2	Cd48	698	2.6682	-5.1088	2.0185	-3.716
Nt5e	Cd48	269	2.3859	-3.147	2.0185	-3.716
Ptprc	Cd48	741	3.9704	-2.8994	2.0185	-3.716
Vcam1	Cd48	167	4.8533	-2.634	2.0185	-3.716
B2m	Ceacam1	309	2.7299	1.6164	0.87544	3.3702
Cd34	Ceacam1	168	1.6716	6.8229	0.87544	3.3702
Icam1	Ceacam1	330	4.1105	0.8755700000000001	0.87544	3.3702
Itga4	Ceacam1	242	1.2682	6.8898	0.87544	3.3702
Itgam	Ceacam1	436	2.6857	-8.7568	0.87544	3.3702
Itgav	Ceacam1	183	3.7384	-2.1728	0.87544	3.3702
Itgb1	Ceacam1	177	1.075	2.3607	0.87544	3.3702
Itgb2	Ceacam1	193	2.6682	-5.1088	0.87544	3.3702
Ptprc	Ceacam1	272	3.9704	-2.8994	0.87544	3.3702
Pvrl2	Ceacam1	300	4.3138	1.421	0.87544	3.3702
Selp	Ceacam1	179	0.0	3.4014	0.87544	3.3702
Tnf	Ceacam1	378	3.7681	-3.7786	0.87544	3.3702
B2m	Fcer1g	229	2.7299	1.6164	2.2087	-7.6618
Cd48	Fcer1g	512	2.0185	-3.716	2.2087	-7.6618
H2-DMa	Fcer1g	240	2.3922	-2.2565	2.2087	-7.6618
Il7r	Fcer1g	171	3.0818	-3.38	2.2087	-7.6618
Itgam	Fcer1g	468	2.6857	-8.7568	2.2087	-7.6618
Itgb1	Fcer1g	177	1.075	2.3607	2.2087	-7.6618
Itgb2	Fcer1g	703	2.6682	-5.1088	2.2087	-7.6618
Ptprc	Fcer1g	579	3.9704	-2.8994	2.2087	-7.6618
Selp	Fcer1g	353	0.0	3.4014	2.2087	-7.6618
Tgfb1	Fcer1g	205	2.9286	0.044873	2.2087	-7.6618
Tnf	Fcer1g	342	3.7681	-3.7786	2.2087	-7.6618
B2m	H2-DMa	583	2.7299	1.6164	2.3922	-2.2565
Cd48	H2-DMa	355	2.0185	-3.716	2.3922	-2.2565
Fcer1g	H2-DMa	240	2.2087	-7.6618	2.3922	-2.2565
Icam1	H2-DMa	187	4.1105	0.8755700000000001	2.3922	-2.2565
Itgb2	H2-DMa	335	2.6682	-5.1088	2.3922	-2.2565
Ptprc	H2-DMa	263	3.9704	-2.8994	2.3922	-2.2565
B2m	Pvrl2	179	2.7299	1.6164	4.3138	1.421
Ccr7	Pvrl2	244	2.1161	-3.946	4.3138	1.421
Ceacam1	Pvrl2	300	0.87544	3.3702	4.3138	1.421
Icam1	Pvrl2	302	4.1105	0.8755700000000001	4.3138	1.421
Itgam	Pvrl2	218	2.6857	-8.7568	4.3138	1.421
Itgb1	Pvrl2	158	1.075	2.3607	4.3138	1.421
Itgb2	Pvrl2	193	2.6682	-5.1088	4.3138	1.421
Kit	Pvrl2	212	4.101	0.7569899999999999	4.3138	1.421
Ptprc	Pvrl2	258	3.9704	-2.8994	4.3138	1.421
Tnf	Pvrl2	332	3.7681	-3.7786	4.3138	1.421
B2m	Vcam1	904	2.7299	1.6164	4.8533	-2.634
Ccr7	Vcam1	173	2.1161	-3.946	4.8533	-2.634
Cd34	Vcam1	221	1.6716	6.8229	4.8533	-2.634
Cd48	Vcam1	167	2.0185	-3.716	4.8533	-2.634
Cxcl12	Vcam1	424	1.5265	1.4406	4.8533	-2.634
Icam1	Vcam1	990	4.1105	0.8755700000000001	4.8533	-2.634
Il6	Vcam1	566	0.0	2.4959	4.8533	-2.634
Itga4	Vcam1	975	1.2682	6.8898	4.8533	-2.634
Itga5	Vcam1	583	2.8	1.9638	4.8533	-2.634
Itga6	Vcam1	488	3.6236	0.95214	4.8533	-2.634
Itgam	Vcam1	810	2.6857	-8.7568	4.8533	-2.634
Itgav	Vcam1	488	3.7384	-2.1728	4.8533	-2.634
Itgb1	Vcam1	978	1.075	2.3607	4.8533	-2.634
Itgb2	Vcam1	798	2.6682	-5.1088	4.8533	-2.634
Kit	Vcam1	209	4.101	0.7569899999999999	4.8533	-2.634
Pdgfra	Vcam1	203	9.6849	-8.1844	4.8533	-2.634
Ptprc	Vcam1	516	3.9704	-2.8994	4.8533	-2.634
Selp	Vcam1	375	0.0	3.4014	4.8533	-2.634
Tek	Vcam1	210	1.1988	8.6851	4.8533	-2.634
Tgfb1	Vcam1	201	2.9286	0.044873	4.8533	-2.634
Tnf	Vcam1	566	3.7681	-3.7786	4.8533	-2.634
Ccr7	Anxa1	900	2.1161	-3.946	2.6875	5.4665
Cxcl12	Anxa1	901	1.5265	1.4406	2.6875	5.4665
Cxcr4	Anxa1	903	1.1729	2.7818	2.6875	5.4665
Icam1	Anxa1	163	4.1105	0.8755700000000001	2.6875	5.4665
Il6	Anxa1	705	0.0	2.4959	2.6875	5.4665
Itgam	Anxa1	191	2.6857	-8.7568	2.6875	5.4665
Itgav	Anxa1	156	3.7384	-2.1728	2.6875	5.4665
Itgb1	Anxa1	343	1.075	2.3607	2.6875	5.4665
Itgb2	Anxa1	150	2.6682	-5.1088	2.6875	5.4665
Pdgfra	Anxa1	156	9.6849	-8.1844	2.6875	5.4665
Ptprc	Anxa1	209	3.9704	-2.8994	2.6875	5.4665
Tnf	Anxa1	163	3.7681	-3.7786	2.6875	5.4665
Ccr7	Il15	177	2.1161	-3.946	2.0042	3.0428
Icam1	Il15	717	4.1105	0.8755700000000001	2.0042	3.0428
Il6	Il15	780	0.0	2.4959	2.0042	3.0428
Il7r	Il15	813	3.0818	-3.38	2.0042	3.0428
Itgam	Il15	211	2.6857	-8.7568	2.0042	3.0428
Ptprc	Il15	159	3.9704	-2.8994	2.0042	3.0428
Tgfb1	Il15	483	2.9286	0.044873	2.0042	3.0428
Tnf	Il15	273	3.7681	-3.7786	2.0042	3.0428
Ccr7	Il7r	724	2.1161	-3.946	3.0818	-3.38
Cd48	Il7r	382	2.0185	-3.716	3.0818	-3.38
Fcer1g	Il7r	171	2.2087	-7.6618	3.0818	-3.38
Il15	Il7r	813	2.0042	3.0428	3.0818	-3.38
Il6	Il7r	829	0.0	2.4959	3.0818	-3.38
Itga4	Il7r	179	1.2682	6.8898	3.0818	-3.38
Itgam	Il7r	233	2.6857	-8.7568	3.0818	-3.38
Itgb2	Il7r	331	2.6682	-5.1088	3.0818	-3.38
Kit	Il7r	371	4.101	0.7569899999999999	3.0818	-3.38
Nt5e	Il7r	179	2.3859	-3.147	3.0818	-3.38
Ptprc	Il7r	677	3.9704	-2.8994	3.0818	-3.38
Tgfb1	Il7r	199	2.9286	0.044873	3.0818	-3.38
Tnf	Il7r	217	3.7681	-3.7786	3.0818	-3.38
Cdh13	Clstn1	213	3.6353	-3.1932	1.5183	-2.3804
Cxadr	Clstn1	150	7.0005	-3.6972	1.5183	-2.3804
Ephb6	Clstn1	461	2.9815	-5.7835	1.5183	-2.3804
L1cam	Clstn1	472	3.4687	-5.7667	1.5183	-2.3804
Nlgn2	Clstn1	151	2.5491	-4.4952	1.5183	-2.3804
Clstn1	Cxadr	150	1.5183	-2.3804	7.0005	-3.6972
Itgav	Cxadr	157	3.7384	-2.1728	7.0005	-3.6972
Clstn1	Ephb6	461	1.5183	-2.3804	2.9815	-5.7835
Pdgfra	Ephb6	302	9.6849	-8.1844	2.9815	-5.7835
Ptprc	Ephb6	243	3.9704	-2.8994	2.9815	-5.7835
Ptprt	Ephb6	197	5.3064	-5.8785	2.9815	-5.7835
Robo1	Ephb6	285	5.3141	-3.4473	2.9815	-5.7835
Tgfb1	Ephb6	168	2.9286	0.044873	2.9815	-5.7835
Wnt4	Ephb6	201	4.6537	-4.9194	2.9815	-5.7835
Wnt7b	Ephb6	201	4.6583	-6.6142	2.9815	-5.7835
Clstn1	Nlgn2	151	1.5183	-2.3804	2.5491	-4.4952
L1cam	Nlgn2	247	3.4687	-5.7667	2.5491	-4.4952
Unc5d	Nlgn2	430	1.8884	-2.3653	2.5491	-4.4952
Cxcl12	Wnt4	230	1.5265	1.4406	4.6537	-4.9194
Ephb6	Wnt4	201	2.9815	-5.7835	4.6537	-4.9194
Il6	Wnt4	181	0.0	2.4959	4.6537	-4.9194
Itgb1	Wnt4	182	1.075	2.3607	4.6537	-4.9194
Kit	Wnt4	393	4.101	0.7569899999999999	4.6537	-4.9194
Lrp6	Wnt4	980	3.1102	0.012135	4.6537	-4.9194
Nt5e	Wnt4	152	2.3859	-3.147	4.6537	-4.9194
Pdgfra	Wnt4	324	9.6849	-8.1844	4.6537	-4.9194
Ptprc	Wnt4	247	3.9704	-2.8994	4.6537	-4.9194
Robo1	Wnt4	182	5.3141	-3.4473	4.6537	-4.9194
Shh	Wnt4	808	3.5987	-2.0968	4.6537	-4.9194
Tek	Wnt4	249	1.1988	8.6851	4.6537	-4.9194
Tgfb1	Wnt4	422	2.9286	0.044873	4.6537	-4.9194
Tnf	Wnt4	171	3.7681	-3.7786	4.6537	-4.9194
Wnt7b	Wnt4	904	4.6583	-6.6142	4.6537	-4.9194
Cxcl12	Wnt7b	215	1.5265	1.4406	4.6583	-6.6142
Ephb6	Wnt7b	201	2.9815	-5.7835	4.6583	-6.6142
Il6	Wnt7b	181	0.0	2.4959	4.6583	-6.6142
Kit	Wnt7b	218	4.101	0.7569899999999999	4.6583	-6.6142
Lrp6	Wnt7b	980	3.1102	0.012135	4.6583	-6.6142
Pdgfra	Wnt7b	203	9.6849	-8.1844	4.6583	-6.6142
Ptprc	Wnt7b	195	3.9704	-2.8994	4.6583	-6.6142
Robo1	Wnt7b	187	5.3141	-3.4473	4.6583	-6.6142
Shh	Wnt7b	828	3.5987	-2.0968	4.6583	-6.6142
Tek	Wnt7b	363	1.1988	8.6851	4.6583	-6.6142
Tgfb1	Wnt7b	346	2.9286	0.044873	4.6583	-6.6142
Tnf	Wnt7b	175	3.7681	-3.7786	4.6583	-6.6142
Wnt4	Wnt7b	904	4.6537	-4.9194	4.6583	-6.6142
Dscaml1	Unc5d	212	6.1454	-6.3269	1.8884	-2.3653
Nlgn2	Unc5d	430	2.5491	-4.4952	1.8884	-2.3653
Robo1	Unc5d	157	5.3141	-3.4473	1.8884	-2.3653
Ephb6	Ptprt	197	2.9815	-5.7835	5.3064	-5.8785
Kit	Ptprt	173	4.101	0.7569899999999999	5.3064	-5.8785
Ptprc	Ptprt	179	3.9704	-2.8994	5.3064	-5.8785
Icam1	Hspd1	186	4.1105	0.8755700000000001	1.7191	-1.0076
Itgb1	Hspd1	496	1.075	2.3607	1.7191	-1.0076
Itgb2	Hspd1	264	2.6682	-5.1088	1.7191	-1.0076
Tek	Hspd1	151	1.1988	8.6851	1.7191	-1.0076
Tnf	Hspd1	280	3.7681	-3.7786	1.7191	-1.0076
Kit	Lrp6	201	4.101	0.7569899999999999	3.1102	0.012135
Pdgfra	Lrp6	214	9.6849	-8.1844	3.1102	0.012135
Shh	Lrp6	357	3.5987	-2.0968	3.1102	0.012135
Tek	Lrp6	657	1.1988	8.6851	3.1102	0.012135
Tgfb1	Lrp6	245	2.9286	0.044873	3.1102	0.012135
Tnf	Lrp6	202	3.7681	-3.7786	3.1102	0.012135
Wnt4	Lrp6	980	4.6537	-4.9194	3.1102	0.012135
Wnt7b	Lrp6	980	4.6583	-6.6142	3.1102	0.012135
Nlgn1	Astn1	212	4.1507	-6.4236	4.7152	-7.0794
Nlgn3	Astn1	150	2.8952	-6.8433	4.7152	-7.0794
Nlgn3	Il1rapl1	233	2.8952	-6.8433	2.5977	-3.3668
Tnf	Il1rapl1	156	3.7681	-3.7786	2.5977	-3.3668
Shh	Boc	983	3.5987	-2.0968	4.4979	-0.18598
Tnf	Boc	165	3.7681	-3.7786	4.4979	-0.18598
Shh	Pkd1	158	3.5987	-2.0968	1.5786	-0.62536
Tnf	Chrna7	239	3.7681	-3.7786	3.8716	-3.6704
Unc5d	Dscaml1	212	1.8884	-2.3653	6.1454	-6.3269
